"Index","Quantity","Part Number","Manufacturer Part Number","Description","Unit of Measure","Customer Reference","Available","Backorder","Unit Price","Extended Price CAD"
"1","4","1528-4210-ND","4210","JST SH 4-PIN CABLE - QWIIC COMPA","","","4","0","1.39000","$5.56"
"2","1","1528-5832-ND","5832","STEMMA QT POWER MONITOR INA228","","","1","0","21.91000","$21.91"
"3","1","1528-4900-ND","4900","QT PY RP2040","","","1","0","14.58000","$14.58"
"4","3","1528-5580-ND","5580","ADAFRUIT MAX17048 LIPOLY / LIION","","","3","0","8.72000","$26.16"
"5","1","1597-113991054-ND","113991054","XIAO ESP32C3","","","1","0","8.20000","$8.20"
"6","1","1528-1516-ND","2809","STEMMA QT LIS3DH ACCELEROMETER","","","1","0","7.25000","$7.25"
"7","1","1528-3130-ND","3130","0.54"" 4-DIGIT 14-SEGMENT RED","","","1","0","15.55000","$15.55"
"8","1","401-1999-1-ND","JS102011SAQN","SWITCH SLIDE SPDT 300MA 6V","","","1","0","1.32000","$1.32"

