time,vdd_avg,vdd_min,c5_mean,c5_n,c5_min,c5_max,pack_mv,level,led_pm,bkl,on_batt,charging,done,rgb_on,lights_cut,slider_usb,linked,external,flags_any
2026-10-05 12:38,4726,4348,100.00,161,100,100,,100.0,915,5,0,0,0,1,0,0,1,1,charging rgb_on slider_usb linked external
2026-10-05 12:48,4411,4330,100.00,165,100,100,,100.0,1000,5,0,0,0,1,0,0,1,1,rgb_on linked external
2026-10-05 12:58,4411,4355,100.00,143,100,100,,100.0,1000,5,0,0,0,1,0,0,1,1,rgb_on linked external
2026-10-05 13:08,4411,4339,100.00,157,100,100,,100.0,1000,5,0,0,0,1,0,0,1,1,rgb_on linked external
2026-10-05 13:18,4411,4339,100.00,159,100,100,,100.0,1000,5,0,0,0,1,0,0,1,1,rgb_on linked external
2026-10-05 13:28,4412,4334,100.00,165,100,100,,100.0,1000,5,0,0,0,1,0,0,1,1,rgb_on linked external
2026-10-05 13:38,4411,4334,100.00,177,100,100,,100.0,1000,5,0,0,0,1,0,0,1,1,rgb_on linked external
2026-10-05 13:48,4411,4351,100.00,162,100,100,,100.0,1000,5,0,0,0,1,0,0,1,1,rgb_on linked external
2026-10-05 13:58,4411,4348,100.00,149,100,100,,100.0,1000,5,0,0,0,1,0,0,1,1,rgb_on linked external
2026-10-05 14:08,4411,4351,100.00,155,100,100,,100.0,1000,5,0,0,0,1,0,0,1,1,rgb_on linked external
2026-10-05 14:18,4411,4337,100.00,152,100,100,,100.0,1000,5,0,0,0,1,0,0,1,1,rgb_on linked external
2026-10-05 14:28,4411,4339,100.00,167,100,100,,100.0,1000,5,0,0,0,1,0,0,1,1,rgb_on linked external
2026-10-05 14:38,4411,4348,100.00,172,100,100,,100.0,1000,5,0,0,0,1,0,0,1,1,rgb_on linked external
2026-10-05 14:48,4411,4325,100.00,155,100,100,,100.0,1000,5,0,0,0,1,0,0,1,1,rgb_on linked external
2026-10-05 14:58,4411,4339,100.00,165,100,100,,100.0,1000,5,0,0,0,1,0,0,1,1,rgb_on linked external
2026-10-05 15:08,4413,4357,100.00,158,100,100,,100.0,1000,5,0,0,0,1,0,0,1,1,rgb_on linked external
2026-10-05 15:18,4412,4348,100.00,158,100,100,,100.0,1000,5,0,0,0,1,0,0,1,1,rgb_on linked external
2026-10-05 15:28,4412,4348,100.00,161,100,100,,100.0,1000,5,0,0,0,1,0,0,1,1,rgb_on linked external
