time,meter_v,screen_v,note
10:54,4.18,3.90,at rest just after unplug (charged 20:16 the day before)
10:54,4.17,3.90,lights full
11:06,4.16,,lights full
11:11,4.16,,after the accidental short
11:28,4.14,3.90,lights full
11:44,4.13,,lights full
11:54,4.13,,lights full
12:06,4.12,,lights full (pastel pink/baby blue, effect 2)
12:24,4.11,,lights full
13:57,4.08,,lights full
14:50,4.06,,lights full
15:34,4.05,3.90,lights full
15:36,,,LIGHTING CHANGE: solid white at 100% from here
16:02,4.04,3.90,white 100%
16:25,4.03,3.90,white 100%
16:46,4.03,,white 100%
17:07,4.02,3.90,white 100%
17:24,4.02,,white 100%
19:39,4.01,3.90,white 100%
21:12,4.01,,white 100%
2026-09-26 07:42,4.00,3.90,white 100% overnight; BT out of range (connecting); untouched ~10 h
2026-09-26 09:52,3.99,3.90,white 100%
13:22,,,"RUN ENDED: plugged in with the slider moved to cable, which resets the board; the once-a-minute RAM log was lost."
,,,"⭐ THE MODULE'S 5C VALUE IS NOT STUCK AT 100. Shortly before the end the owner read ~85% on the Fn+D DEBUG page, row 8, which renders ch582_get_battery() (display.c:878) -- the CH582F's 5C percent. It snapped to 100 the instant USB was connected. The pack was ~3.99-4.00 V at the time. display.c:873-877 still says 'the module's number held 100 through a full discharge (2026-09-24)'; this run went deeper and longer, and it moved. ⚠️ An earlier note here wrongly said the LCD could not be the source -- that was about the battery ROW (which shows voltage on b35d8672b3); the DEBUG page is a different screen and does show the percent."
13:26,,,"After the reset, on USB: vdd 4538 mV, CHRG low (charging), module 5C = 100% with a minimum of 99 since boot. ⚠️ 5C reporting 99 is already one count below the 'only ever says 100' in docs/battery.md."
14:03,4.00,,"⭐ 5C HAS MEMORY -- IT IS NOT A VOLTAGE LOOKUP. Unplugged after somewhat more than 15 min on the charger (read at 14:03, so ~20 min) following the 24 h run. Debug page 5C reads 96-97 (96 a minute earlier) at a pack of 4.00 V. Yesterday 09:52 the pack was 3.99 V and 5C read ~85. Same voltage, 12 points apart: no curve does that. 5C therefore carries state anchored to the last charge, not a reading of the pack."
,,,"Also kills surface-charge relaxation as the explanation: had the pack been inflated by charging it would read 4.05-4.10 and sag. It read 4.00, one hundredth above where the run ended, so ~15 min added almost nothing. The pack is honest; the gauge is not."
,,,"NEXT (cheap, decisive): stay on battery with the lighting fixed and watch 5C for 2-4 h. The pack drifts only ~0.008 V/h, so it is effectively a CONSTANT input -- any 5C movement is the module's own dynamics. If it walks 97 -> ~85 it is a slow filter of pack voltage with an hours-long time constant (usable, ignore for hours after a charge). If it stalls at 94-96 until the pack moves, its anchor is the last charge and it is closer to a time-since-charge counter than a gauge. ⚠️ Keep the RGB effect fixed: a varying load moves terminal voltage and makes meter pairs incomparable."
21:54,3.84,3.901,"⭐⭐ VDD IS NOT AN LDO OUTPUT AND HAS NO DROPOUT AHEAD OF IT. Debug page: 5C 78%, VDD 3.901 V. Meter at the pack: 3.84 V. ⚠️ VDD IS HIGHER THAN THE PACK -- impossible for a linear regulator, so it is a buck-boost. Over the whole excursion so far the pack has fallen 4.18 -> 3.84 V (-340 mV) while VDD moved 3.90 -> 3.901 (+1 mV)."
,,,"⚠️ This falsifies 'VDD will follow the pack, a dropout below it, once the pack gets down to around 3.95-4.0 V' in docs/battery.md. The pack is now well past that and VDD has not moved. VDD is useless as a pack gauge across the entire practical range, and the planned two-region gauge (5C above the dropout, ADC below) has no lower region to hand over to. 5C is the ONLY signal."
,,,"⚠️ SAFETY: the warn (3.55 V) and RGB cut (3.40 V) thresholds are set on VDD, which is pinned at 3.90. They cannot fire until the buck-boost collapses, which may be below the pack protection circuit's trip point. The firmware's low-battery net may be inert, with the pack's own protection doing the real work. Worth confirming before any deep run."
,,,"5C tracking, settled points only (excluding the post-charge artifact): 3.99 V -> 85, 3.84 V -> 78. About 47 points per volt, consistent and correctly signed. The 97 seen at 14:03 after ~20 min charging had decayed to 78 by evening, so the post-charge memory is real but transient."
