time,vdd_avg,vdd_min,c5_mean,c5_n,c5_min,c5_max,pack_mv,level,led_pm,bkl,on_batt,charging,done,rgb_on,lights_cut,slider_usb,linked,external,flags_any,m,chg_state,chg_lost,chg_overrun,chg_handover,chg_selfcheck,c5_saturated
2026-10-08 13:04,3935,3861,58.68,230,55,72,3675,,991,5,1,0,1,1,0,0,1,0,on_batt charging done rgb_on linked external,,none,0,0,0,0,0
2026-10-08 13:14,3895,3861,55.20,229,53,57,3644,,1000,5,1,0,1,1,0,0,1,0,on_batt done rgb_on linked,,none,0,0,0,0,0
2026-10-08 13:24,3894,3850,53.83,231,52,55,3632,,1000,5,1,0,1,1,0,0,1,0,on_batt done rgb_on linked,,none,0,0,0,0,0
2026-10-08 13:34,3893,3850,52.71,238,51,54,3622,7.0,1000,5,1,0,1,1,0,0,1,0,on_batt done rgb_on linked,,none,0,0,0,0,0
2026-10-08 13:44,3893,3850,51.45,231,50,53,3611,6.5,1000,5,1,0,1,1,0,0,1,0,on_batt done rgb_on linked,,none,0,0,0,0,0
2026-10-08 13:54,3892,3850,50.59,244,49,52,3604,6.0,1000,5,1,0,1,1,0,0,1,0,on_batt done rgb_on linked,,none,0,0,0,0,0
2026-10-08 14:04,3891,3850,49.34,238,48,51,3593,5.5,1000,5,1,0,1,1,0,0,1,0,on_batt done rgb_on linked,,none,0,0,0,0,0
2026-10-08 14:14,3890,3846,48.44,234,47,50,3585,5.5,1000,5,1,0,1,1,0,0,1,0,on_batt done rgb_on linked,,none,0,0,0,0,0
2026-10-08 14:24,3888,3848,47.40,240,46,49,3576,5.0,1000,5,1,0,1,1,0,0,1,0,on_batt done rgb_on linked,,none,0,0,0,0,0
2026-10-08 14:34,3943,3844,48.47,227,45,63,3585,5.0,1000,5,0,1,0,1,0,0,1,1,on_batt charging done rgb_on linked external,5.0,model,0,0,0,0,0
2026-10-08 14:44,4250,3864,66.94,162,63,71,3747,7.0,1000,5,0,1,0,1,0,0,1,1,on_batt charging done rgb_on linked external,7.0,model,0,0,0,0,0
2026-10-08 14:54,4287,4227,73.61,176,71,76,3805,9.0,1000,5,0,1,0,1,0,0,1,1,charging rgb_on linked external,9.0,model,0,0,0,0,0
2026-10-08 15:04,4290,4227,79.03,171,76,81,3853,11.5,1000,5,0,1,0,1,0,0,1,1,charging rgb_on linked external,11.5,model,0,0,0,0,0
2026-10-08 15:14,4290,4231,82.35,171,81,84,3882,13.5,1000,5,0,1,0,1,0,0,1,1,charging rgb_on linked external,13.5,model,0,0,0,0,0
2026-10-08 15:24,3953,3866,71.33,234,68,84,3785,14.0,1000,5,1,0,1,1,0,0,1,0,on_batt charging done rgb_on linked external,,none,0,0,0,0,0
2026-10-08 15:34,3901,3866,68.18,238,67,69,3758,14.0,1000,5,1,0,1,1,0,0,1,0,on_batt done rgb_on linked,,none,0,0,0,0,0
2026-10-08 15:44,3900,3871,67.52,219,66,68,3752,14.0,1000,5,1,0,1,1,0,0,1,0,on_batt done rgb_on linked,,none,0,0,0,0,0
2026-10-08 15:54,3898,3873,66.96,171,66,68,3747,14.5,1000,5,1,0,1,1,0,0,1,0,on_batt done rgb_on linked,,none,0,0,0,0,0
2026-10-08 16:04,3898,3862,66.53,170,65,68,3743,14.0,1000,5,1,0,1,1,0,0,1,0,on_batt done rgb_on linked,,none,0,0,0,0,0
2026-10-08 16:14,3898,3871,65.72,186,64,67,3736,13.5,1000,5,1,0,1,1,0,0,1,0,on_batt done rgb_on linked,,none,0,0,0,0,0
2026-10-08 16:24,3898,3864,65.15,195,64,66,3731,13.0,1000,5,1,0,1,1,0,0,1,0,on_batt done rgb_on linked,,none,0,0,0,0,0
2026-10-08 16:34,3897,3866,64.54,168,63,65,3726,12.5,1000,5,1,0,1,1,0,0,1,0,on_batt done rgb_on linked,,none,0,0,0,0,0
2026-10-08 16:44,3897,3864,63.93,162,62,65,3721,12.0,1000,5,1,0,1,1,0,0,1,0,on_batt done rgb_on linked,,none,0,0,0,0,0
2026-10-08 16:54,3897,3857,63.09,169,62,64,3713,11.5,1000,5,1,0,1,1,0,0,1,0,on_batt done rgb_on linked,,none,0,0,0,0,0
2026-10-08 17:04,3896,3864,62.42,159,61,63,3707,11.5,1000,5,1,0,1,1,0,0,1,0,on_batt done rgb_on linked,,none,0,0,0,0,0
2026-10-08 17:14,3896,3864,61.72,165,60,63,3701,11.0,1000,5,1,0,1,1,0,0,1,0,on_batt done rgb_on linked,,none,0,0,0,0,0
2026-10-08 17:24,3895,3862,61.02,174,59,62,3695,10.5,1000,5,1,0,1,1,0,0,1,0,on_batt done rgb_on linked,,none,0,0,0,0,0
2026-10-08 17:34,3895,3862,60.15,154,58,61,3688,10.0,1000,5,1,0,1,1,0,0,1,0,on_batt done rgb_on linked,,none,0,0,0,0,0
2026-10-08 17:44,3895,3862,59.48,164,58,60,3682,10.0,1000,5,1,0,1,1,0,0,1,0,on_batt done rgb_on linked,,none,0,0,0,0,0
2026-10-08 17:54,3894,3861,58.73,172,57,60,3675,9.5,1000,5,1,0,1,1,0,0,1,0,on_batt done rgb_on linked,,none,0,0,0,0,0
2026-10-08 18:04,3894,3862,57.78,172,56,59,3667,9.0,1000,5,1,0,1,1,0,0,1,0,on_batt done rgb_on linked,,none,0,0,0,0,0
2026-10-08 18:14,3894,3857,56.85,175,54,58,3659,8.5,1000,5,1,0,1,1,0,0,1,0,on_batt done rgb_on linked,,none,0,0,0,0,0
2026-10-08 18:24,3893,3857,55.85,158,54,57,3650,8.0,1000,5,1,0,1,1,0,0,1,0,on_batt done rgb_on linked,,none,0,0,0,0,0
2026-10-08 18:34,3894,3857,54.58,170,52,56,3639,7.5,1000,5,1,0,1,1,0,0,0,0,on_batt done rgb_on linked,,none,0,0,0,0,0
2026-10-08 18:44,3893,3855,53.21,145,52,55,3627,7.0,1000,5,1,0,1,1,0,0,0,0,on_batt done rgb_on,,none,0,0,0,0,0
2026-10-08 18:54,3892,3850,52.20,176,51,54,3618,6.5,1000,5,1,0,1,1,0,0,0,0,on_batt done rgb_on,,none,0,0,0,0,0
2026-10-08 19:04,3891,3853,51.13,148,50,52,3609,6.5,1000,5,1,0,1,1,0,0,0,0,on_batt done rgb_on,,none,0,0,0,0,0
2026-10-08 19:14,3890,3842,50.18,142,48,51,3600,6.0,1000,5,1,0,1,1,0,0,0,0,on_batt done rgb_on,,none,0,0,0,0,0
2026-10-08 19:24,3889,3842,49.20,166,48,51,3592,5.5,1000,5,1,0,1,1,0,0,0,0,on_batt done rgb_on,,none,0,0,0,0,0
2026-10-08 19:34,3888,3846,48.15,150,47,50,3582,5.5,1000,5,1,0,1,1,0,0,0,0,on_batt done rgb_on,,none,0,0,0,0,0
2026-10-08 19:44,3888,3850,47.32,160,46,48,3575,5.0,1000,5,1,0,1,1,0,0,0,0,on_batt done rgb_on,,none,0,0,0,0,0
2026-10-08 19:54,3887,3835,46.37,164,45,48,3567,5.0,1000,5,1,0,1,1,0,0,0,0,on_batt done rgb_on,,none,0,0,0,0,0
2026-10-08 20:04,3886,3835,45.38,159,44,47,3558,4.5,1000,5,1,0,1,1,0,0,0,0,on_batt done rgb_on,,none,0,0,0,0,0
2026-10-08 20:14,3885,3842,44.69,164,44,46,3552,4.5,1000,5,1,0,1,1,0,0,0,0,on_batt done rgb_on,,none,0,0,0,0,0
2026-10-08 20:24,3884,3835,44.02,166,43,46,3546,4.0,1000,5,1,0,1,1,0,0,0,0,on_batt done rgb_on,,none,0,0,0,0,0
2026-10-08 20:34,3884,3833,43.15,162,42,44,3539,3.5,1000,5,1,0,1,1,0,0,0,0,on_batt done rgb_on,,none,0,0,0,0,0
2026-10-08 20:44,3883,3844,42.54,173,41,44,3533,3.5,1000,5,1,0,1,1,0,0,0,0,on_batt done rgb_on,,none,0,0,0,0,0
2026-10-08 20:54,3881,3839,41.70,166,41,43,3526,3.0,1000,5,1,0,1,1,0,0,0,0,on_batt done rgb_on,,none,0,0,0,0,0
2026-10-08 21:04,3881,3835,41.10,154,40,42,3521,3.0,1000,5,1,0,1,1,0,0,0,0,on_batt done rgb_on,,none,0,0,0,0,0
2026-10-08 21:14,3880,3835,40.22,172,39,41,3513,2.5,1000,5,1,0,1,1,0,0,0,0,on_batt done rgb_on,,none,0,0,0,0,0
2026-10-08 21:24,3879,3835,39.48,148,38,41,3507,2.5,1000,5,1,0,1,1,0,0,0,0,on_batt done rgb_on,,none,0,0,0,0,0
2026-10-08 21:34,3878,3833,38.77,155,37,40,3500,2.0,1000,5,1,0,1,1,0,0,0,0,on_batt done rgb_on,,none,0,0,0,0,0
2026-10-08 21:44,3877,3835,37.79,156,37,39,3492,2.0,1000,5,1,0,1,1,0,0,0,0,on_batt done rgb_on,,none,0,0,0,0,0
2026-10-08 21:54,3876,3833,36.46,163,35,38,3480,1.5,1000,5,1,0,1,1,0,0,0,0,on_batt done rgb_on,,none,0,0,0,0,0
2026-10-08 22:04,3874,3830,35.12,172,34,36,3468,1.0,1000,5,1,0,1,1,0,0,0,0,on_batt done rgb_on,,none,0,0,0,0,0
2026-10-08 22:14,3874,3832,33.74,161,32,36,3456,0.5,1000,5,1,0,1,1,0,0,0,0,on_batt done rgb_on,,none,0,0,0,0,0
2026-10-08 22:24,3873,3821,31.79,146,31,33,3439,0.5,1000,5,1,0,1,1,0,0,0,0,on_batt done rgb_on,,none,0,0,0,0,0
2026-10-08 22:34,3872,3828,29.73,156,28,32,3421,0.0,1000,5,1,0,1,1,0,0,0,0,on_batt done rgb_on,,none,0,0,0,0,0
