time,macos_bt_battery_pct
2026-10-09 14:01:54,100
2026-10-09 14:11:54,100
2026-10-09 14:21:54,100
2026-10-09 14:31:54,100
2026-10-09 14:41:55,100
2026-10-09 14:51:55,100
2026-10-09 15:01:55,100
2026-10-09 15:11:55,100
2026-10-09 15:21:55,100
2026-10-09 15:31:56,100
2026-10-09 15:41:56,100
2026-10-09 15:51:56,100
2026-10-09 16:01:56,100
2026-10-09 16:11:56,100
2026-10-09 16:21:57,100
2026-10-09 16:31:57,100
2026-10-09 16:41:57,100
2026-10-09 16:51:57,100
2026-10-09 17:01:58,100
2026-10-09 17:11:58,100
2026-10-09 17:21:58,100
2026-10-09 17:31:58,100
2026-10-09 17:41:58,100
2026-10-09 17:51:59,100
2026-10-09 18:01:59,100
2026-10-09 18:11:59,100
2026-10-09 18:21:59,100
2026-10-09 18:32:00,100
2026-10-09 18:42:00,100
2026-10-09 18:52:00,100
2026-10-09 19:02:00,100
2026-10-09 19:12:00,100
2026-10-09 19:22:01,100
2026-10-09 19:32:01,100
2026-10-09 19:42:01,100
2026-10-09 19:52:01,100
2026-10-09 20:02:02,100
2026-10-09 20:12:02,100
2026-10-09 20:22:02,100
2026-10-09 20:32:02,100
2026-10-09 20:42:02,100
2026-10-09 20:52:03,100
2026-10-09 21:02:03,100
2026-10-09 21:12:03,100
2026-10-09 21:22:03,100
2026-10-09 21:32:04,100
2026-10-09 21:42:04,100
2026-10-09 21:52:04,100
2026-10-09 22:02:04,100
2026-10-09 22:12:04,100
2026-10-09 22:22:05,100
2026-10-09 22:32:05,100
2026-10-09 22:42:05,100
2026-10-09 22:52:05,100
2026-10-09 23:02:06,100
2026-10-09 23:12:06,100
2026-10-09 23:22:06,100
2026-10-09 23:32:06,100
2026-10-09 23:42:06,100
2026-10-09 23:52:07,100
2026-10-10 00:02:07,100
2026-10-10 00:12:07,100
2026-10-10 00:22:07,100
2026-10-10 00:32:07,100
2026-10-10 00:42:08,100
2026-10-10 00:52:08,100
2026-10-10 01:02:08,100
2026-10-10 01:12:08,100
2026-10-10 01:22:08,100
2026-10-10 01:32:09,
2026-10-10 01:42:09,100
2026-10-10 01:52:09,100
2026-10-10 02:02:09,100
2026-10-10 02:12:10,100
2026-10-10 02:22:10,
2026-10-10 02:32:10,100
2026-10-10 02:42:10,100
2026-10-10 02:52:10,
2026-10-10 03:02:11,100
2026-10-10 03:12:11,100
2026-10-10 03:22:11,100
2026-10-10 03:32:11,100
2026-10-10 03:42:11,100
