time,epoch,phase,supply,level,pack_mv,est_c5,c5_last,vdd_mv,chrg,flags,note
2026-10-08 18:38:24,1791506304.5,start,battery,7.5 %,3629,53,54,3891,high,on_batt done rgb_on,
2026-10-08 18:38:24,1791506304.5,wait-cut,battery,7.5 %,3629,53,54,3891,high,on_batt done rgb_on,
2026-10-08 18:42:52,1791506572.9,start,battery,7.4 %,3625,53,53,3891,high,on_batt done rgb_on,
2026-10-08 18:42:52,1791506572.9,wait-cut,battery,7.4 %,3625,53,53,3891,high,on_batt done rgb_on,
2026-10-08 18:47:53,1791506873.0,wait-cut,battery,7.2 %,3620,52,52,3891,high,on_batt done rgb_on,
2026-10-08 18:52:53,1791507173.1,wait-cut,battery,6.9 %,3615,52,52,3890,high,on_batt done rgb_on,
2026-10-08 18:57:53,1791507473.2,wait-cut,battery,6.8 %,3613,52,52,3893,high,on_batt done rgb_on,
2026-10-08 19:02:53,1791507773.3,wait-cut,battery,6.7 %,3609,51,50,3890,high,on_batt done rgb_on,
2026-10-08 19:07:53,1791508073.4,wait-cut,battery,6.3 %,3601,50,50,3893,high,on_batt done rgb_on,
2026-10-08 19:12:53,1791508373.4,wait-cut,battery,6.3 %,3602,50,50,3891,high,on_batt done rgb_on,
2026-10-08 19:17:53,1791508673.5,wait-cut,battery,6.1 %,3594,49,49,3894,high,on_batt done rgb_on,
2026-10-08 19:22:53,1791508973.6,wait-cut,battery,5.9 %,3589,49,49,3885,high,on_batt done rgb_on,
2026-10-08 19:27:53,1791509273.7,wait-cut,battery,5.8 %,3587,49,48,3886,high,on_batt done rgb_on,
2026-10-08 19:32:53,1791509573.7,wait-cut,battery,5.6 %,3580,48,47,3887,high,on_batt done rgb_on,
2026-10-08 19:37:53,1791509873.8,wait-cut,battery,5.4 %,3577,47,48,3889,high,on_batt done rgb_on,
2026-10-08 19:42:53,1791510173.9,wait-cut,battery,5.4 %,3574,47,47,3883,high,on_batt done rgb_on,
2026-10-08 19:47:53,1791510474.0,wait-cut,battery,5.2 %,3569,47,47,3893,high,on_batt done rgb_on,
2026-10-08 19:52:54,1791510774.1,wait-cut,battery,5.0 %,3564,46,46,3885,high,on_batt done rgb_on,
2026-10-08 19:57:54,1791511074.2,wait-cut,battery,4.8 %,3560,46,45,3888,high,on_batt done rgb_on,
2026-10-08 20:02:54,1791511374.3,wait-cut,battery,4.7 %,3559,45,45,3884,high,on_batt done rgb_on,
2026-10-08 20:07:54,1791511674.4,wait-cut,battery,4.6 %,3553,45,44,3888,high,on_batt done rgb_on,
2026-10-08 20:12:54,1791511974.5,wait-cut,battery,4.5 %,3551,45,44,3887,high,on_batt done rgb_on,
2026-10-08 20:17:54,1791512274.5,wait-cut,battery,4.4 %,3550,44,44,3881,high,on_batt done rgb_on,
2026-10-08 20:22:54,1791512574.6,wait-cut,battery,4.2 %,3545,44,43,3881,high,on_batt done rgb_on,
2026-10-08 20:27:54,1791512874.7,wait-cut,battery,4.0 %,3540,43,43,3885,high,on_batt done rgb_on,
2026-10-08 20:32:54,1791513174.8,wait-cut,battery,3.9 %,3537,43,43,3885,high,on_batt done rgb_on,
2026-10-08 20:37:54,1791513474.8,wait-cut,battery,3.7 %,3533,43,43,3883,high,on_batt done rgb_on,
2026-10-08 20:42:54,1791513774.9,wait-cut,battery,3.6 %,3532,42,42,3884,high,on_batt done rgb_on,
2026-10-08 20:47:55,1791514075.0,wait-cut,battery,3.4 %,3529,42,42,3881,high,on_batt done rgb_on,
2026-10-08 20:52:55,1791514375.1,wait-cut,battery,3.2 %,3524,41,41,3880,high,on_batt done rgb_on,
2026-10-08 20:57:55,1791514675.2,wait-cut,battery,3.1 %,3523,41,42,3882,high,on_batt done rgb_on,
2026-10-08 21:02:55,1791514975.3,wait-cut,battery,3.0 %,3520,41,41,3881,high,on_batt done rgb_on,
2026-10-08 21:03:55,1791515035.4,wait-cut,battery,3.0 %,3519,41,40,3879,high,on_batt done rgb_on,
2026-10-08 21:04:55,1791515095.5,wait-cut,battery,2.9 %,3518,41,41,3884,high,on_batt done rgb_on,
2026-10-08 21:05:55,1791515155.6,wait-cut,battery,2.9 %,3515,41,41,3880,high,on_batt done rgb_on,
2026-10-08 21:06:55,1791515215.6,wait-cut,battery,2.8 %,3515,40,41,3880,high,on_batt done rgb_on,
2026-10-08 21:07:55,1791515275.7,wait-cut,battery,2.8 %,3515,40,40,3872,high,on_batt done rgb_on,
2026-10-08 21:08:55,1791515335.8,wait-cut,battery,2.8 %,3515,40,40,3879,high,on_batt done rgb_on,
2026-10-08 21:09:55,1791515395.9,wait-cut,battery,2.8 %,3515,40,41,3881,high,on_batt done rgb_on,
2026-10-08 21:10:55,1791515455.9,wait-cut,battery,2.7 %,3513,40,40,3878,high,on_batt done rgb_on,
2026-10-08 21:11:56,1791515516.0,wait-cut,battery,2.7 %,3511,40,41,3880,high,on_batt done rgb_on,
2026-10-08 21:12:56,1791515576.1,wait-cut,battery,2.6 %,3510,40,40,3879,high,on_batt done rgb_on,
2026-10-08 21:13:56,1791515636.2,wait-cut,battery,2.6 %,3511,40,40,3883,high,on_batt done rgb_on,
2026-10-08 21:14:56,1791515696.3,wait-cut,battery,2.6 %,3511,40,41,3881,high,on_batt done rgb_on,
2026-10-08 21:15:56,1791515756.4,wait-cut,battery,2.6 %,3511,40,39,3882,high,on_batt done rgb_on,
2026-10-08 21:16:56,1791515816.4,wait-cut,battery,2.6 %,3509,40,39,3880,high,on_batt done rgb_on,
2026-10-08 21:17:56,1791515876.5,wait-cut,battery,2.6 %,3509,40,40,3879,high,on_batt done rgb_on,
2026-10-08 21:18:56,1791515936.6,wait-cut,battery,2.6 %,3508,40,40,3883,high,on_batt done rgb_on,
2026-10-08 21:19:56,1791515996.7,wait-cut,battery,2.5 %,3507,40,40,3882,high,on_batt done rgb_on,
2026-10-08 21:20:56,1791516056.8,wait-cut,battery,2.5 %,3507,40,39,3879,high,on_batt done rgb_on,
2026-10-08 21:21:56,1791516116.9,wait-cut,battery,2.5 %,3506,39,39,3879,high,on_batt done rgb_on,
2026-10-08 21:22:56,1791516177.0,wait-cut,battery,2.5 %,3506,39,39,3880,high,on_batt done rgb_on,
2026-10-08 21:23:57,1791516237.1,wait-cut,battery,2.5 %,3505,39,39,3880,high,on_batt done rgb_on,
2026-10-08 21:24:57,1791516297.1,wait-cut,battery,2.4 %,3503,39,39,3877,high,on_batt done rgb_on,
2026-10-08 21:25:57,1791516357.2,wait-cut,battery,2.4 %,3503,39,39,3881,high,on_batt done rgb_on,
2026-10-08 21:26:57,1791516417.3,wait-cut,battery,2.4 %,3502,39,39,3879,high,on_batt done rgb_on,
2026-10-08 21:27:57,1791516477.4,wait-cut,battery,2.4 %,3502,39,39,3873,high,on_batt done rgb_on,
2026-10-08 21:28:57,1791516537.5,wait-cut,battery,2.3 %,3501,39,39,3878,high,on_batt done rgb_on,
2026-10-08 21:29:57,1791516597.5,wait-cut,battery,2.3 %,3501,39,39,3879,high,on_batt done rgb_on,
2026-10-08 21:30:57,1791516657.7,wait-cut,battery,2.3 %,3503,39,39,3879,high,on_batt done rgb_on,
2026-10-08 21:31:57,1791516717.8,wait-cut,battery,2.3 %,3501,39,39,3876,high,on_batt done rgb_on,
2026-10-08 21:32:57,1791516777.8,wait-cut,battery,2.3 %,3500,39,38,3876,high,on_batt done rgb_on,
2026-10-08 21:33:57,1791516837.9,wait-cut,battery,2.3 %,3499,39,38,3878,high,on_batt done rgb_on,
2026-10-08 21:34:57,1791516898.0,wait-cut,battery,2.2 %,3496,38,37,3880,high,on_batt done rgb_on,
2026-10-08 21:35:58,1791516958.1,wait-cut,battery,2.2 %,3496,38,39,3876,high,on_batt done rgb_on,
2026-10-08 21:36:58,1791517018.2,wait-cut,battery,2.2 %,3496,38,38,3876,high,on_batt done rgb_on,
2026-10-08 21:37:58,1791517078.3,wait-cut,battery,2.2 %,3496,38,39,3876,high,on_batt done rgb_on,
2026-10-08 21:38:58,1791517138.4,wait-cut,battery,2.1 %,3493,38,38,3876,high,on_batt done rgb_on,
2026-10-08 21:39:58,1791517198.5,wait-cut,battery,2.1 %,3492,38,38,3882,high,on_batt done rgb_on,
2026-10-08 21:40:58,1791517258.6,wait-cut,battery,2.0 %,3490,38,39,3878,high,on_batt done rgb_on,
2026-10-08 21:41:58,1791517318.6,wait-cut,battery,2.0 %,3491,38,37,3880,high,on_batt done rgb_on,
2026-10-08 21:42:58,1791517378.7,wait-cut,battery,2.0 %,3491,38,38,3878,high,on_batt done rgb_on,
2026-10-08 21:43:58,1791517438.8,wait-cut,battery,2.0 %,3490,38,37,3875,high,on_batt done rgb_on,
2026-10-08 21:44:58,1791517498.9,wait-cut,battery,1.9 %,3489,37,37,3881,high,on_batt done rgb_on,
2026-10-08 21:45:58,1791517558.9,wait-cut,battery,1.9 %,3487,37,37,3877,high,on_batt done rgb_on,
2026-10-08 21:46:59,1791517619.0,wait-cut,battery,1.8 %,3485,37,36,3875,high,on_batt done rgb_on,
2026-10-08 21:47:59,1791517679.1,wait-cut,battery,1.7 %,3483,37,37,3875,high,on_batt done rgb_on,
2026-10-08 21:48:59,1791517739.2,wait-cut,battery,1.7 %,3482,37,36,3878,high,on_batt done rgb_on,
2026-10-08 21:49:59,1791517799.2,wait-cut,battery,1.7 %,3479,36,36,3877,high,on_batt done rgb_on,
2026-10-08 21:50:59,1791517859.3,wait-cut,battery,1.6 %,3477,36,36,3868,high,on_batt done rgb_on,
2026-10-08 21:51:59,1791517919.4,wait-cut,battery,1.6 %,3479,36,37,3877,high,on_batt done rgb_on,
2026-10-08 21:52:59,1791517979.5,wait-cut,battery,1.6 %,3477,36,36,3877,high,on_batt done rgb_on,
2026-10-08 21:53:59,1791518039.6,wait-cut,battery,1.6 %,3477,36,36,3879,high,on_batt done rgb_on,
2026-10-08 21:54:59,1791518099.6,wait-cut,battery,1.6 %,3477,36,35,3878,high,on_batt done rgb_on,
2026-10-08 21:55:59,1791518159.7,wait-cut,battery,1.5 %,3475,36,35,3883,high,on_batt done rgb_on,
2026-10-08 21:56:59,1791518219.8,wait-cut,battery,1.5 %,3474,36,36,3874,high,on_batt done rgb_on,
2026-10-08 21:57:59,1791518279.9,wait-cut,battery,1.5 %,3474,36,36,3875,high,on_batt done rgb_on,
2026-10-08 21:58:59,1791518339.9,wait-cut,battery,1.5 %,3472,36,35,3870,high,on_batt done rgb_on,
2026-10-08 22:00:00,1791518400.0,wait-cut,battery,1.4 %,3471,35,36,3877,high,on_batt done rgb_on,
2026-10-08 22:01:00,1791518460.1,wait-cut,battery,1.4 %,3469,35,35,3876,high,on_batt done rgb_on,
2026-10-08 22:02:00,1791518520.2,wait-cut,battery,1.3 %,3467,35,35,3871,high,on_batt done rgb_on,
2026-10-08 22:03:00,1791518580.3,wait-cut,battery,1.3 %,3466,35,35,3872,high,on_batt done rgb_on,
2026-10-08 22:04:00,1791518640.4,wait-cut,battery,1.2 %,3465,35,34,3882,high,on_batt done rgb_on,
2026-10-08 22:05:00,1791518700.5,wait-cut,battery,1.2 %,3464,35,35,3872,high,on_batt done rgb_on,
2026-10-08 22:06:00,1791518760.5,wait-cut,battery,1.2 %,3464,35,34,3874,high,on_batt done rgb_on,
2026-10-08 22:07:00,1791518820.6,wait-cut,battery,1.2 %,3463,34,34,3876,high,on_batt done rgb_on,
2026-10-08 22:08:00,1791518880.7,wait-cut,battery,1.1 %,3462,34,35,3875,high,on_batt done rgb_on,
2026-10-08 22:09:00,1791518940.8,wait-cut,battery,1.1 %,3459,34,34,3872,high,on_batt done rgb_on,
2026-10-08 22:10:00,1791519000.9,wait-cut,battery,1.0 %,3457,34,34,3880,high,on_batt done rgb_on,
2026-10-08 22:11:00,1791519061.0,wait-cut,battery,1.0 %,3456,34,33,3877,high,on_batt done rgb_on,
2026-10-08 22:12:01,1791519121.0,wait-cut,battery,1.0 %,3454,33,32,3880,high,on_batt done rgb_on,
2026-10-08 22:13:01,1791519181.1,wait-cut,battery,0.9 %,3453,33,32,3875,high,on_batt done rgb_on,
2026-10-08 22:14:01,1791519241.2,wait-cut,battery,0.9 %,3451,33,33,3881,high,on_batt done rgb_on,
2026-10-08 22:15:01,1791519301.3,wait-cut,battery,0.8 %,3448,33,32,3869,high,on_batt done rgb_on,
2026-10-08 22:16:01,1791519361.4,wait-cut,battery,0.8 %,3445,32,32,3876,high,on_batt done rgb_on,
2026-10-08 22:17:01,1791519421.4,wait-cut,battery,0.8 %,3444,32,32,3876,high,on_batt done rgb_on,
2026-10-08 22:18:01,1791519481.5,wait-cut,battery,0.7 %,3442,32,32,3873,high,on_batt done rgb_on,
2026-10-08 22:19:01,1791519541.6,wait-cut,battery,0.7 %,3441,32,31,3867,high,on_batt done rgb_on,
2026-10-08 22:20:01,1791519601.7,wait-cut,battery,0.7 %,3441,32,31,3873,high,on_batt done rgb_on,
2026-10-08 22:21:01,1791519661.7,wait-cut,battery,0.7 %,3441,32,32,3878,high,on_batt done rgb_on,
2026-10-08 22:22:01,1791519721.8,wait-cut,battery,0.7 %,3439,32,31,3875,high,on_batt done rgb_on,
2026-10-08 22:23:01,1791519781.9,wait-cut,battery,0.6 %,3437,32,31,3873,high,on_batt done rgb_on,
2026-10-08 22:24:02,1791519842.0,wait-cut,battery,0.6 %,3435,31,31,3876,high,on_batt done rgb_on,
2026-10-08 22:25:02,1791519902.1,wait-cut,battery,0.6 %,3433,31,31,3870,high,on_batt done rgb_on,
2026-10-08 22:26:02,1791519962.2,wait-cut,battery,0.5 %,3432,31,31,3870,high,on_batt done rgb_on,
2026-10-08 22:27:02,1791520022.3,wait-cut,battery,0.5 %,3429,31,30,3872,high,on_batt done rgb_on,
2026-10-08 22:28:02,1791520082.4,wait-cut,battery,0.5 %,3427,30,30,3866,high,on_batt done rgb_on,
2026-10-08 22:29:02,1791520142.4,wait-cut,battery,0.4 %,3426,30,29,3870,high,on_batt done rgb_on,
2026-10-08 22:30:02,1791520202.5,wait-cut,battery,0.4 %,3423,30,29,3866,high,on_batt done rgb_on,
2026-10-08 22:31:02,1791520262.6,wait-cut,battery,0.3 %,3421,30,30,3878,high,on_batt done rgb_on,
2026-10-08 22:32:02,1791520322.7,wait-cut,battery,0.3 %,3419,30,30,3870,high,on_batt done rgb_on,
2026-10-08 22:33:02,1791520382.8,wait-cut,battery,0.3 %,3417,29,28,3876,high,on_batt done rgb_on,
2026-10-08 22:34:02,1791520442.9,wait-cut,battery,0.3 %,3417,29,29,3875,high,on_batt done rgb_on,
2026-10-08 22:35:02,1791520502.9,wait-cut,battery,0.2 %,3415,29,29,3868,high,on_batt done rgb_on,
2026-10-08 22:36:03,1791520563.0,wait-cut,battery,0.2 %,3413,29,28,3870,high,on_batt done rgb_on,
2026-10-08 22:37:03,1791520623.1,wait-cut,battery,0.1 %,3411,29,28,3874,high,on_batt done rgb_on,
2026-10-08 22:38:03,1791520683.2,wait-cut,battery,0.1 %,3409,28,28,3874,high,on_batt done rgb_on,
2026-10-08 22:39:03,1791520743.3,wait-cut,battery,0.1 %,3407,28,29,3874,high,on_batt done rgb_on,
2026-10-08 22:40:03,1791520803.3,wait-cut,battery,0.1 %,3406,28,28,3872,high,on_batt done rgb_on,
2026-10-08 22:41:03,1791520863.4,wait-cut,battery,0.1 %,3405,28,27,3871,high,on_batt done rgb_on,
2026-10-08 22:42:03,1791520923.5,wait-cut,battery,0.0 %,3403,28,27,3871,high,on_batt done rgb_on,
2026-10-08 22:43:03,1791520983.6,wait-cut,battery,0.0 %,3399,27,26,3872,high,on_batt done rgb_on,
2026-10-08 22:44:03,1791521043.6,wait-cut,battery,0.0 %,3397,27,28,3901,high,on_batt done rgb_on lights_cut,
2026-10-08 22:44:03,1791521043.6,CUT,battery,0.0 %,3397,27,28,3901,high,on_batt done rgb_on lights_cut,lights_cut seen
2026-10-08 22:44:03,1791521044.0,dump,,,,,,,,,"/Users/jdlien/code/ak820-pro/history/battery-2026-10-08-partial-charge/log-20261008-2244-rgbcut.csv: rc 0 # 58 entries (log v5, one per 600 s), newest 595 s ago"
2026-10-08 22:45:04,1791521104.0,relay,,,,,,,,,"on 2 requested 1791521103.98: rc 0 relay 1 off, relay 2 ON"
2026-10-08 22:45:04,1791521104.1,charge,battery,0.0 %,3397,27,28,3929,low,on_batt charging rgb_on lights_cut,confirming external
2026-10-08 22:45:14,1791521114.2,charge,external,0.0 %,,,34,4190,low,charging rgb_on external,confirming external
2026-10-08 22:45:14,1791521114.2,CHARGE-ON,,,,,,,,,charge timed from the relay command at 1791521103.98
2026-10-08 22:46:14,1791521174.2,charge,external,0.0 %,3530,42,43,4192,low,charging rgb_on external,
2026-10-08 22:47:14,1791521234.3,charge,external,0.2 %,3541,43,45,4186,low,charging rgb_on external,
2026-10-08 22:48:14,1791521294.4,charge,external,0.4 %,3548,44,47,4196,low,charging rgb_on external,
2026-10-08 22:49:14,1791521354.5,charge,external,0.6 %,3555,45,49,4195,low,charging rgb_on external,
2026-10-08 22:50:14,1791521414.6,charge,external,0.9 %,3573,47,50,4201,low,charging rgb_on external,
2026-10-08 22:51:14,1791521474.7,charge,external,1.1 %,3584,48,51,4199,low,charging rgb_on external,
2026-10-08 22:52:14,1791521534.8,charge,external,1.3 %,3598,50,52,4202,low,charging rgb_on external,
2026-10-08 22:53:14,1791521594.8,charge,external,1.5 %,3609,51,53,4193,low,charging rgb_on external,
2026-10-08 22:54:14,1791521654.9,charge,external,1.7 %,3618,52,54,4203,low,charging rgb_on external,
2026-10-08 22:55:14,1791521715.0,charge,external,2.0 %,3627,53,55,4204,low,charging rgb_on external,
2026-10-08 22:56:15,1791521775.1,charge,external,2.2 %,3637,54,56,4203,low,charging rgb_on external,
2026-10-08 22:57:15,1791521835.2,charge,external,2.4 %,3646,55,57,4202,low,charging rgb_on external,
2026-10-08 22:58:15,1791521895.2,charge,external,2.6 %,3654,56,57,4210,low,charging rgb_on external,
2026-10-08 22:59:15,1791521955.3,charge,external,2.8 %,3660,57,58,4205,low,charging rgb_on external,
2026-10-08 23:00:15,1791522015.4,charge,external,3.0 %,3664,57,59,4204,low,charging rgb_on external,
2026-10-08 23:01:15,1791522075.4,charge,external,3.3 %,3669,58,59,4208,low,charging rgb_on external,
2026-10-08 23:02:15,1791522135.5,charge,external,3.5 %,3673,59,60,4205,low,charging rgb_on external,
2026-10-08 23:03:15,1791522195.6,charge,external,3.7 %,3678,59,60,4206,low,charging rgb_on external,
2026-10-08 23:04:15,1791522255.7,charge,external,3.9 %,3683,60,60,4205,low,charging rgb_on external,
2026-10-08 23:05:15,1791522315.7,charge,external,4.1 %,3687,60,61,4208,low,charging rgb_on external,
2026-10-08 23:06:15,1791522375.8,charge,external,4.4 %,3690,60,62,4208,low,charging rgb_on external,
2026-10-08 23:07:15,1791522435.9,charge,external,4.6 %,3695,61,62,4210,low,charging rgb_on external,
2026-10-08 23:08:15,1791522496.0,charge,external,4.8 %,3700,62,62,4212,low,charging rgb_on external,
2026-10-08 23:09:16,1791522556.1,charge,external,5.0 %,3703,62,63,4211,low,charging rgb_on external,
2026-10-08 23:10:16,1791522616.2,charge,external,5.2 %,3707,62,64,4208,low,charging rgb_on external,
2026-10-08 23:11:16,1791522676.2,charge,external,5.5 %,3711,63,64,4199,low,charging rgb_on external,
2026-10-08 23:12:16,1791522736.3,charge,external,5.7 %,3717,64,65,4213,low,charging rgb_on external,
2026-10-08 23:13:16,1791522796.4,charge,external,5.9 %,3724,64,65,4211,low,charging rgb_on external,
2026-10-08 23:14:16,1791522856.5,charge,external,6.1 %,3728,65,66,4213,low,charging rgb_on external,
2026-10-08 23:15:16,1791522916.6,charge,external,6.3 %,3733,65,67,4212,low,charging rgb_on external,
2026-10-08 23:16:16,1791522976.6,charge,external,6.5 %,3737,66,67,4209,low,charging rgb_on external,
2026-10-08 23:17:16,1791523036.7,charge,external,6.8 %,3742,66,68,4209,low,charging rgb_on external,
2026-10-08 23:18:16,1791523096.8,charge,external,7.0 %,3748,67,68,4209,low,charging rgb_on external,
2026-10-08 23:19:16,1791523156.9,charge,external,7.2 %,3753,68,69,4207,low,charging rgb_on external,
2026-10-08 23:20:16,1791523217.0,charge,external,7.4 %,3758,68,70,4204,low,charging rgb_on external,
2026-10-08 23:21:17,1791523277.1,charge,external,7.6 %,3764,69,71,4215,low,charging rgb_on external,
2026-10-08 23:22:17,1791523337.1,charge,external,7.9 %,3774,70,71,4209,low,charging rgb_on external,
2026-10-08 23:23:17,1791523397.2,charge,external,8.1 %,3780,71,72,4207,low,charging rgb_on external,
2026-10-08 23:24:17,1791523457.3,charge,external,8.3 %,3786,71,72,4211,low,charging rgb_on external,
2026-10-08 23:24:49,1791523489.0,charge,external,8.4 %,3788,72,72,4205,low,charging rgb_on external,
2026-10-08 23:25:04,1791523504.0,relay,,,,,,,,,"off 2 requested 1791523503.99: rc 0 relay 1 off, relay 2 off"
2026-10-08 23:25:04,1791523504.0,CHARGE-OFF,,,,,,,,,on 2400.0 s; 0 reads off USB power
2026-10-08 23:25:04,1791523504.1,relax,external,8.5 %,3789,72,73,4211,high,rgb_on external,confirming battery
2026-10-08 23:25:14,1791523514.2,relax,battery,8.5 %,,,64,3900,high,on_batt done rgb_on,confirming battery
2026-10-08 23:26:14,1791523574.3,relax,battery,8.5 %,3672,58,57,3899,high,on_batt done rgb_on,
2026-10-08 23:27:14,1791523634.4,relax,battery,8.5 %,3666,58,56,3899,high,on_batt done rgb_on,
2026-10-08 23:28:14,1791523694.4,relax,battery,8.5 %,3662,57,57,3901,high,on_batt done rgb_on,
2026-10-08 23:29:14,1791523754.5,relax,battery,8.5 %,3661,57,56,3901,high,on_batt done rgb_on,
2026-10-08 23:30:14,1791523814.6,relax,battery,8.5 %,3655,56,55,3901,high,on_batt done rgb_on,
2026-10-08 23:31:14,1791523874.6,relax,battery,8.5 %,3653,56,56,3898,high,on_batt done rgb_on,
2026-10-08 23:32:14,1791523934.7,relax,battery,8.5 %,3652,56,56,3896,high,on_batt done rgb_on,
2026-10-08 23:33:14,1791523994.8,relax,battery,8.5 %,3649,56,55,3899,high,on_batt done rgb_on,
2026-10-08 23:34:14,1791524054.9,relax,battery,8.5 %,3646,55,55,3897,high,on_batt done rgb_on,
2026-10-08 23:35:14,1791524115.0,relax,battery,8.5 %,3645,55,55,3897,high,on_batt done rgb_on,
2026-10-08 23:36:15,1791524175.0,relax,battery,8.5 %,3644,55,54,3899,high,on_batt done rgb_on,
2026-10-08 23:37:15,1791524235.1,relax,battery,8.5 %,3643,55,55,3895,high,on_batt done rgb_on,
2026-10-08 23:38:15,1791524295.2,relax,battery,8.5 %,3642,55,55,3897,high,on_batt done rgb_on,
2026-10-08 23:39:15,1791524355.3,relax,battery,8.5 %,3642,55,54,3896,high,on_batt done rgb_on,
2026-10-08 23:40:15,1791524415.4,relax,battery,8.5 %,3641,55,55,3894,high,on_batt done rgb_on,
2026-10-08 23:41:15,1791524475.5,relax,battery,8.5 %,3642,55,55,3896,high,on_batt done rgb_on,
2026-10-08 23:42:15,1791524535.5,relax,battery,8.5 %,3641,55,54,3897,high,on_batt done rgb_on,
2026-10-08 23:43:15,1791524595.6,relax,battery,8.5 %,3640,55,54,3897,high,on_batt done rgb_on,
2026-10-08 23:44:15,1791524655.7,relax,battery,8.5 %,3639,55,55,3894,high,on_batt done rgb_on,
2026-10-08 23:45:15,1791524715.8,relax,battery,8.5 %,3637,54,53,3895,high,on_batt done rgb_on,
2026-10-08 23:46:15,1791524775.9,relax,battery,8.5 %,3634,54,54,3897,high,on_batt done rgb_on,
2026-10-08 23:47:15,1791524836.0,relax,battery,8.5 %,3632,54,53,3895,high,on_batt done rgb_on,
2026-10-08 23:48:16,1791524896.0,relax,battery,8.5 %,3630,54,54,3895,high,on_batt done rgb_on,
2026-10-08 23:49:16,1791524956.1,relax,battery,8.5 %,3629,54,53,3898,high,on_batt done rgb_on,
2026-10-08 23:50:16,1791525016.2,relax,battery,8.5 %,3630,54,53,3894,high,on_batt done rgb_on,
2026-10-08 23:51:16,1791525076.3,relax,battery,8.5 %,3628,53,53,3895,high,on_batt done rgb_on,
2026-10-08 23:52:16,1791525136.4,relax,battery,8.5 %,3627,53,53,3895,high,on_batt done rgb_on,
2026-10-08 23:53:16,1791525196.4,relax,battery,8.5 %,3625,53,54,3894,high,on_batt done rgb_on,
2026-10-08 23:54:16,1791525256.5,relax,battery,8.5 %,3623,53,53,3896,high,on_batt done rgb_on,
2026-10-08 23:55:16,1791525316.7,relax,battery,8.5 %,,,52,3894,high,on_batt done rgb_on,
2026-10-08 23:56:16,1791525376.8,relax,battery,7.0 %,3619,52,52,3893,high,on_batt done rgb_on,
2026-10-08 23:57:16,1791525436.8,relax,battery,7.0 %,3618,52,52,3893,high,on_batt done rgb_on,
2026-10-08 23:58:16,1791525496.9,relax,battery,7.0 %,3618,52,52,3892,high,on_batt done rgb_on,
2026-10-08 23:59:17,1791525557.0,relax,battery,7.0 %,3618,52,52,3891,high,on_batt done rgb_on,
2026-10-09 00:00:17,1791525617.1,relax,battery,7.0 %,3616,52,51,3893,high,on_batt done rgb_on,
2026-10-09 00:01:17,1791525677.2,relax,battery,6.9 %,3614,52,52,3894,high,on_batt done rgb_on,
2026-10-09 00:02:17,1791525737.3,relax,battery,6.8 %,3613,52,52,3893,high,on_batt done rgb_on,
2026-10-09 00:03:17,1791525797.4,relax,battery,6.8 %,3610,51,51,3892,high,on_batt done rgb_on,
2026-10-09 00:04:17,1791525857.5,relax,battery,6.7 %,3610,51,51,3891,high,on_batt done rgb_on,
2026-10-09 00:05:17,1791525917.5,relax,battery,6.7 %,3609,51,50,3897,high,on_batt done rgb_on,
2026-10-09 00:06:17,1791525977.6,relax,battery,6.7 %,3609,51,51,3893,high,on_batt done rgb_on,
2026-10-09 00:07:17,1791526037.7,relax,battery,6.7 %,3609,51,51,3893,high,on_batt done rgb_on,
2026-10-09 00:08:17,1791526097.8,relax,battery,6.7 %,3609,51,52,3895,high,on_batt done rgb_on,
2026-10-09 00:09:17,1791526157.9,relax,battery,6.6 %,3608,51,51,3892,high,on_batt done rgb_on,
2026-10-09 00:10:17,1791526218.0,relax,battery,6.6 %,3606,51,52,3890,high,on_batt done rgb_on,
2026-10-09 00:11:18,1791526278.0,relax,battery,6.6 %,3605,51,51,3896,high,on_batt done rgb_on,
2026-10-09 00:12:18,1791526338.1,relax,battery,6.6 %,3605,51,50,3894,high,on_batt done rgb_on,
2026-10-09 00:13:18,1791526398.2,relax,battery,6.5 %,3603,51,51,3896,high,on_batt done rgb_on,
2026-10-09 00:14:18,1791526458.3,relax,battery,6.4 %,3602,50,50,3896,high,on_batt done rgb_on,
2026-10-09 00:15:18,1791526518.4,relax,battery,6.4 %,3601,50,50,3893,high,on_batt done rgb_on,
2026-10-09 00:16:18,1791526578.5,relax,battery,6.4 %,3601,50,49,3893,high,on_batt done rgb_on,
2026-10-09 00:17:18,1791526638.5,relax,battery,6.4 %,3601,50,50,3890,high,on_batt done rgb_on,
2026-10-09 00:18:18,1791526698.6,relax,battery,6.4 %,3599,50,49,3893,high,on_batt done rgb_on,
2026-10-09 00:19:18,1791526758.7,relax,battery,6.3 %,3598,50,51,3896,high,on_batt done rgb_on,
2026-10-09 00:20:18,1791526818.7,relax,battery,6.3 %,3597,50,49,3891,high,on_batt done rgb_on,
2026-10-09 00:21:18,1791526878.8,relax,battery,6.1 %,3594,50,50,3891,high,on_batt done rgb_on,
2026-10-09 00:22:18,1791526938.9,relax,battery,6.1 %,3594,49,50,3891,high,on_batt done rgb_on,
2026-10-09 00:23:18,1791526999.0,relax,battery,6.1 %,3594,49,50,3894,high,on_batt done rgb_on,
2026-10-09 00:24:19,1791527059.1,relax,battery,6.0 %,3592,49,49,3893,high,on_batt done rgb_on,
2026-10-09 00:25:19,1791527119.2,relax,battery,6.0 %,3593,49,48,3890,high,on_batt done rgb_on,
2026-10-09 00:26:19,1791527179.2,relax,battery,6.0 %,3592,49,49,3890,high,on_batt done rgb_on,
2026-10-09 00:27:13,1791527233.9,start,battery,6.0 %,3590,49,48,3892,high,on_batt done rgb_on,
2026-10-09 00:27:13,1791527233.9,wait-cut,battery,6.0 %,3590,49,48,3892,high,on_batt done rgb_on,
