board_time,min_after_unplug,pack_mv,panel_pct,c5,c5_age_s,level_pm_on_curve,implied_pm_at_unplug,read_from
2026-10-08 11:51:34,1.2,3705,13,61,0,114.5,114.9,contact sheet (280 px tiles)
2026-10-08 11:51:46,1.4,3703,12,61,2,113.4,113.8,contact sheet (280 px tiles)
2026-10-08 11:52:01,1.6,3703,12,61,2,113.4,113.9,contact sheet (280 px tiles)
2026-10-08 11:52:16,1.9,3701,11,61,2,112.2,112.8,contact sheet (280 px tiles)
2026-10-08 11:52:31,2.1,3700,11,62,2,111.6,112.3,contact sheet (280 px tiles)
2026-10-08 11:53:01,2.6,3698,11,60,2,110.5,111.3,contact sheet (280 px tiles)
2026-10-08 11:53:31,3.1,3693,11,60,2,107.6,108.6,contact sheet (280 px tiles)
2026-10-08 11:54:01,3.6,3692,11,61,1,107.0,108.2,contact sheet (280 px tiles)
2026-10-08 11:54:31,4.1,3691,11,60,1,106.4,107.8,contact sheet (280 px tiles)
2026-10-08 11:55:02,4.7,3689,11,59,2,105.2,106.8,contact sheet (280 px tiles)
2026-10-08 11:55:32,5.1,3686,11,60,2,103.5,105.2,contact sheet (280 px tiles)
2026-10-08 11:56:32,6.1,3684,10,60,2,102.3,104.4,contact sheet (280 px tiles)
2026-10-08 11:57:32,7.2,3687,10,60,2,104.1,106.4,contact sheet (280 px tiles)
2026-10-08 11:58:32,8.2,3686,10,60,1,103.5,106.2,contact sheet (280 px tiles)
2026-10-08 11:59:32,9.2,3682,10,59,1,101.2,104.2,contact sheet (280 px tiles)
2026-10-08 12:01:33,11.2,3683,10,60,2,101.7,105.4,contact sheet (280 px tiles)
2026-10-08 12:03:30,13.1,3683,10,60,1,101.7,106.1,contact sheet (280 px tiles)
2026-10-08 12:05:31,15.1,3675,10,59,2,97.5,102.5,contact sheet (280 px tiles)
2026-10-08 12:07:31,17.1,3674,10,58,1,97.0,102.6,contact sheet (280 px tiles)
2026-10-08 12:09:31,19.1,3672,10,58,1,96.0,102.3,contact sheet (280 px tiles)
2026-10-08 12:11:32,21.1,3675,10,59,2,97.5,104.5,contact sheet (280 px tiles)
2026-10-08 12:15:32,25.2,3668,9,58,1,94.0,102.3,contact sheet (280 px tiles)
2026-10-08 12:19:33,29.2,3660,9,57,1,90.0,99.6,contact sheet (280 px tiles)
2026-10-08 12:23:33,33.2,3656,9,57,1,88.0,98.9,contact sheet (280 px tiles)
2026-10-08 12:27:30,37.1,3656,9,56,0,88.0,100.2,contact sheet (280 px tiles)
2026-10-08 12:31:31,41.1,3650,8,56,1,85.0,98.6,contact sheet (280 px tiles)
2026-10-08 12:36:31,46.1,3645,8,54,0,82.5,97.7,contact sheet (280 px tiles)
2026-10-08 12:41:31,51.1,3641,8,55,0,80.5,97.4,contact sheet (280 px tiles)
2026-10-08 12:46:31,56.1,3635,8,54,0,78.0,96.5,contact sheet (280 px tiles)
2026-10-08 12:50:31,60.1,3632,8,53,4,76.7,96.6,contact sheet (280 px tiles)
