at,elapsed_s,event,version,uptime_ms,blit_timeouts,tx_sent,tx_timeouts,tx_drops,rx_malformed,loop_gap_max_ms,loop_gap_max_mark,scan_rate,count_ge_10ms,count_ge_25ms,count_ge_25ms_nonflash,passes,flash_writes,flash_gap_max_ms,blit_gap_max_ms,i2c_gap_max_ms,key_presses,row_gap_max_ms,isr_per_s,isr_cpu_pct,isr_max_us,wdt_consecutive_resets,wdt_fired_last_boot,wr_valid,wr_site,wr_parent,wr_last_pass_uptime_ms,wr_boot_rstst,wr_pc,wr_context,v_uptime_ms,v_build_token,v_msp_free,v_psp_free,v_blits_issued,v_blit_never_started,v_blit_stalled,v_blit_irq_lost,v_blit_unknown,v_blit_busy_waits,v_blit_retry_successes
2026-09-23 13:01:07,2,start,7,27767,0,5,3,0,0,15,none,237,93,0,0,3690,797,0,0,0,0,9,3906.6,72.6,298.7,0,False,False,none,none,0,1,,,25736,0x0a8a1d5b,672,1264,67,0,0,0,0,0,0
2026-09-23 13:01:40,35,,7,60965,0,11,4,0,0,22,blit,187,399,0,0,10420,800,6,22,0,0,9,3899.7,72.5,298.7,0,False,False,none,none,0,1,,,58937,0x0a8a1d5b,616,1264,1767,0,0,0,0,0,0
2026-09-23 13:02:10,65,,7,90993,0,17,6,0,0,22,blit,182,697,0,0,15955,802,6,22,0,0,9,3901.9,72.6,314.7,0,False,False,none,none,0,1,,,88961,0x0a8a1d5b,616,1264,3494,0,0,0,0,0,0
2026-09-23 13:02:40,95,,7,121010,0,23,8,0,0,22,blit,224,975,0,0,21871,804,7,22,0,5,9,3902.5,72.6,314.7,0,False,False,none,none,0,1,,,118980,0x0a8a1d5b,616,1264,5101,0,0,0,0,0,0
2026-09-23 13:03:10,125,,7,151038,0,29,12,0,0,22,blit,174,1251,0,0,27757,806,7,22,0,24,9,3905.1,72.6,314.7,0,False,False,none,none,0,1,,,149003,0x0a8a1d5b,616,1264,6783,0,0,0,0,0,0
2026-09-23 13:03:40,155,,7,181010,0,35,15,0,0,22,blit,192,1540,0,0,33447,808,7,22,0,24,9,3901.1,72.5,314.7,0,False,False,none,none,0,1,,,178977,0x0a8a1d5b,616,1264,8324,0,0,0,0,0,0
2026-09-23 13:04:10,185,,7,211002,0,41,19,0,0,23,blit,212,1796,0,0,39740,810,7,23,0,24,9,3905.5,72.6,314.7,0,False,False,none,none,0,1,,,208973,0x0a8a1d5b,616,1264,10056,0,0,0,0,0,0
2026-09-23 13:04:40,215,,7,240976,0,47,22,0,0,23,blit,196,2031,0,0,46013,812,7,23,0,24,9,3898.9,72.5,314.7,0,False,False,none,none,0,1,,,238953,0x0a8a1d5b,616,1264,11636,0,0,0,0,0,0
2026-09-23 13:05:10,245,,7,270974,0,53,25,0,0,25,blit,185,2337,1,1,51495,814,7,25,0,24,9,3900.7,72.5,314.7,0,False,False,none,none,0,1,,,268952,0x0a8a1d5b,616,1264,13371,0,0,0,0,0,0
2026-09-23 13:05:40,275,,7,300960,0,59,30,0,0,25,blit,227,2623,1,1,57369,816,7,25,0,24,9,3903.3,72.6,314.7,0,False,False,none,none,0,1,,,298935,0x0a8a1d5b,616,1264,14851,0,0,0,0,0,0
2026-09-23 13:06:10,305,,7,330970,0,65,33,0,0,25,blit,186,2865,1,1,63273,818,16,25,0,24,9,3911.1,72.7,314.7,0,False,False,none,none,0,1,,,328939,0x0a8a1d5b,616,1264,16516,0,0,0,0,0,0
2026-09-23 13:06:40,335,,7,360962,0,71,36,0,0,25,blit,198,3161,1,1,68926,820,16,25,0,24,9,3897.9,72.5,314.7,0,False,False,none,none,0,1,,,358920,0x0a8a1d5b,616,1264,18124,0,0,0,0,0,0
2026-09-23 13:07:10,365,,7,390943,0,77,40,0,0,25,blit,219,3428,1,1,75183,822,16,25,0,24,9,3906.8,72.7,314.7,0,False,False,none,none,0,1,,,388911,0x0a8a1d5b,616,1264,19807,0,0,0,0,0,0
2026-09-23 13:07:40,395,,7,420911,1,83,43,0,0,28,blit,183,3669,2,2,81435,824,16,28,0,24,9,3900.7,72.6,320.0,0,False,False,none,none,0,1,,,418891,0x0a8a1d5b,616,1264,21438,1,0,0,0,0,1
2026-09-23 13:08:10,425,,7,450920,1,89,47,0,0,28,blit,189,3967,3,3,86986,826,16,28,0,24,9,3900.0,72.6,320.0,0,False,False,none,none,0,1,,,448887,0x0a8a1d5b,616,1264,23113,1,0,0,0,0,1
2026-09-23 13:08:40,455,,7,480898,1,95,50,0,0,28,blit,231,4248,3,3,92873,828,16,28,0,24,9,3902.1,72.6,320.0,0,False,False,none,none,0,1,,,478868,0x0a8a1d5b,616,1264,24703,1,0,0,0,0,1
2026-09-23 13:09:10,485,,7,510894,1,101,54,0,0,28,blit,170,4510,3,3,98813,830,16,28,0,24,9,3907.9,72.6,320.0,0,False,False,none,none,0,1,,,508867,0x0a8a1d5b,616,1264,26375,1,0,0,0,0,1
2026-09-23 13:09:40,515,,7,540897,1,107,57,0,0,28,blit,197,4802,3,3,104487,832,16,28,0,24,9,3899.4,72.6,320.0,0,False,False,none,none,0,1,,,538870,0x0a8a1d5b,616,1264,27960,1,0,0,0,0,1
2026-09-23 13:10:10,545,,7,570872,2,113,60,0,0,38,blit,213,5065,4,4,110724,834,16,38,0,24,9,3906.0,72.6,320.0,0,False,False,none,none,0,1,,,568842,0x0a8a1d5b,616,1264,29595,2,0,0,0,0,2
2026-09-23 13:10:40,575,,7,600872,2,119,64,0,0,38,blit,185,5337,4,4,116853,836,16,38,0,24,9,3901.1,72.6,320.0,0,False,False,none,none,0,1,,,598834,0x0a8a1d5b,616,1264,31192,2,0,0,0,0,2
2026-09-23 13:11:10,605,,7,630844,2,125,68,0,0,38,blit,185,5636,4,4,122275,839,16,38,0,24,9,3899.0,72.5,320.0,0,False,False,none,none,0,1,,,628817,0x0a8a1d5b,616,1264,32948,2,0,0,0,0,2
2026-09-23 13:11:40,635,,7,660833,2,131,71,0,0,38,blit,234,5924,4,4,128042,841,16,38,0,24,9,3903.3,72.6,320.0,0,False,False,none,none,0,1,,,658805,0x0a8a1d5b,616,1264,34506,2,0,0,0,0,2
2026-09-23 13:12:10,665,,7,690830,2,137,74,0,0,38,blit,177,6190,4,4,133960,843,16,38,0,24,9,3910.4,72.6,320.0,0,False,False,none,none,0,1,,,688802,0x0a8a1d5b,616,1264,36103,2,0,0,0,0,2
2026-09-23 13:12:41,695,,7,720818,2,143,77,0,0,38,blit,199,6495,4,4,139596,845,16,38,0,24,9,3901.0,72.5,320.0,0,False,False,none,none,0,1,,,718784,0x0a8a1d5b,616,1264,37644,2,0,0,0,0,2
2026-09-23 13:13:11,725,,7,750805,2,149,80,0,0,38,blit,210,6765,4,4,145797,847,16,38,0,24,9,3906.2,72.6,320.0,0,False,False,none,none,0,1,,,748782,0x0a8a1d5b,616,1264,39329,2,0,0,0,0,2
2026-09-23 13:13:41,755,,7,780802,2,155,83,0,0,38,blit,183,7043,5,5,151919,849,16,38,0,24,9,3902.3,72.6,320.0,0,False,False,none,none,0,1,,,778776,0x0a8a1d5b,616,1264,40980,2,0,0,0,0,2
2026-09-23 13:14:11,785,,7,810801,2,161,86,0,0,38,blit,179,7337,6,6,157431,851,16,38,0,24,9,3899.2,72.5,320.0,0,False,False,none,none,0,1,,,808769,0x0a8a1d5b,616,1264,42684,2,0,0,0,0,2
2026-09-23 13:14:41,815,,7,840769,2,167,89,0,0,38,blit,230,7610,6,6,163291,853,16,38,0,24,9,3901.4,72.6,320.0,0,False,False,none,none,0,1,,,838742,0x0a8a1d5b,616,1264,44287,2,0,0,0,0,2
2026-09-23 13:15:11,845,,7,870769,2,173,92,0,0,38,blit,172,7861,6,6,169232,855,16,38,0,24,9,3909.4,72.6,320.0,0,False,False,none,none,0,1,,,868745,0x0a8a1d5b,616,1264,45948,2,0,0,0,0,2
2026-09-23 13:15:41,875,,7,900769,2,179,96,0,0,38,blit,195,8154,6,6,174905,857,16,38,0,24,9,3899.0,72.5,320.0,0,False,False,none,none,0,1,,,898739,0x0a8a1d5b,616,1264,47562,2,0,0,0,0,2
2026-09-23 13:16:11,905,,7,930737,2,185,99,0,0,38,blit,218,8410,6,6,181160,859,16,38,0,24,9,3905.4,72.6,320.0,0,False,False,none,none,0,1,,,928714,0x0a8a1d5b,616,1264,49097,2,0,0,0,0,2
2026-09-23 13:16:41,935,,7,960764,2,191,102,0,0,38,blit,183,8690,7,7,187310,861,16,38,0,24,9,3900.1,72.5,320.0,0,False,False,none,none,0,1,,,958718,0x0a8a1d5b,616,1264,50766,2,0,0,0,0,2
2026-09-23 13:17:11,965,,7,990740,2,197,106,0,0,38,blit,183,8992,7,7,192775,863,16,38,0,24,9,3901.2,72.5,320.0,0,False,False,none,none,0,1,,,988708,0x0a8a1d5b,616,1264,52420,2,0,0,0,0,2
2026-09-23 13:17:41,995,,7,1020733,2,203,110,0,0,45,flash,221,9280,8,7,198533,865,45,38,0,24,11,3902.9,72.6,320.0,0,False,False,none,none,0,1,,,1018703,0x0a8a1d5b,616,1264,54070,2,0,0,0,0,2
2026-09-23 13:18:11,1025,,7,1050737,2,209,115,0,0,45,flash,171,9551,9,8,204348,867,45,38,0,24,11,3908.6,72.6,320.0,0,False,False,none,none,0,1,,,1048703,0x0a8a1d5b,616,1264,55743,2,0,0,0,0,2
2026-09-23 13:18:41,1055,,7,1080729,2,215,118,0,0,45,flash,196,9830,10,9,210040,869,45,38,0,24,11,3901.1,72.5,320.0,0,False,False,none,none,0,1,,,1078686,0x0a8a1d5b,616,1264,57295,2,0,0,0,0,2
2026-09-23 13:19:11,1085,,7,1110678,2,221,122,0,0,45,flash,219,10105,10,9,216202,871,45,38,0,24,11,3906.5,72.7,320.0,0,False,False,none,none,0,1,,,1108653,0x0a8a1d5b,616,1264,58994,2,0,0,0,0,2
2026-09-23 13:19:41,1115,,7,1140699,2,227,125,0,0,45,flash,180,10380,11,10,222299,873,45,38,0,24,11,3899.1,72.5,320.0,0,False,False,none,none,0,1,,,1138666,0x0a8a1d5b,616,1264,60626,2,0,0,0,0,2
2026-09-23 13:20:11,1145,,7,1170680,2,233,129,0,0,45,flash,168,10671,11,10,227700,875,45,38,0,24,11,3899.4,72.6,320.0,0,False,False,none,none,0,1,,,1168644,0x0a8a1d5b,616,1264,62311,2,0,0,0,0,2
2026-09-23 13:20:41,1175,,7,1200651,2,239,132,0,0,45,flash,224,10956,12,11,233431,877,45,38,0,24,11,3904.4,72.6,320.0,0,False,False,none,none,0,1,,,1198624,0x0a8a1d5b,616,1264,63957,2,0,0,0,0,2
2026-09-23 13:21:11,1205,,7,1230653,2,245,136,0,0,45,flash,165,11229,13,12,239275,879,45,38,0,24,11,3909.3,72.6,320.0,0,False,False,none,none,0,1,,,1228617,0x0a8a1d5b,616,1264,65605,2,0,0,0,0,2
2026-09-23 13:21:41,1235,,7,1260638,2,251,140,0,0,45,flash,199,11529,13,12,244871,881,45,38,0,24,11,3900.9,72.6,320.0,0,False,False,none,none,0,1,,,1258605,0x0a8a1d5b,616,1264,67162,2,0,0,0,0,2
2026-09-23 13:22:11,1265,,7,1290624,2,257,145,0,0,45,flash,208,11820,13,12,250970,883,45,38,0,24,11,3906.6,72.6,320.0,0,False,False,none,none,0,1,,,1288583,0x0a8a1d5b,616,1264,68781,2,0,0,0,0,2
2026-09-23 13:22:41,1295,,7,1320613,2,263,148,0,0,45,flash,176,12126,13,12,256982,885,45,38,0,24,11,3901.1,72.6,320.0,0,False,False,none,none,0,1,,,1318579,0x0a8a1d5b,616,1264,70323,2,0,0,0,0,2
2026-09-23 13:23:11,1325,,7,1350626,2,269,151,0,0,45,flash,186,12438,13,12,262408,887,45,38,0,24,11,3900.3,72.5,320.0,0,False,False,none,none,0,1,,,1348576,0x0a8a1d5b,616,1264,71995,2,0,0,0,0,2
2026-09-23 13:23:41,1355,,7,1380610,2,275,154,0,0,45,flash,224,12738,14,13,268105,889,45,38,0,24,11,3904.3,72.6,320.0,0,False,False,none,none,0,1,,,1378576,0x0a8a1d5b,616,1264,73624,2,0,0,0,0,2
2026-09-23 13:24:11,1385,,7,1410592,2,281,157,0,0,45,flash,177,13022,15,14,273918,891,45,38,0,24,11,3909.9,72.6,320.0,0,False,False,none,none,0,1,,,1408570,0x0a8a1d5b,616,1264,75311,2,0,0,0,0,2
2026-09-23 13:24:41,1415,,7,1440595,2,287,161,0,0,45,flash,188,13336,16,15,279470,893,45,38,0,24,11,3898.7,72.5,320.0,0,False,False,none,none,0,1,,,1438565,0x0a8a1d5b,616,1264,76856,2,0,0,0,0,2
2026-09-23 13:25:11,1445,,7,1470579,3,293,165,0,0,45,flash,205,13618,17,16,285552,895,45,43,0,24,11,3907.0,72.6,320.0,0,False,False,none,none,0,1,,,1468546,0x0a8a1d5b,616,1112,78578,3,0,0,0,1,3
2026-09-23 13:25:41,1475,,7,1500557,3,299,168,0,0,45,flash,187,13902,17,16,291688,897,45,43,0,24,11,3898.5,72.5,320.0,0,False,False,none,none,0,1,,,1498531,0x0a8a1d5b,616,1112,80099,3,0,0,0,1,3
2026-09-23 13:26:11,1505,,7,1530555,3,305,175,0,0,45,flash,176,14210,17,16,297089,899,45,43,0,24,11,3902.6,72.6,320.0,0,False,False,none,none,0,1,,,1528523,0x0a8a1d5b,616,1112,81810,3,0,0,0,1,3
2026-09-23 13:26:41,1535,,7,1560538,3,311,178,0,0,45,flash,216,14513,17,16,302811,901,45,43,0,24,11,3903.9,72.6,320.0,0,False,False,none,none,0,1,,,1558510,0x0a8a1d5b,616,1112,83390,3,0,0,0,1,3
2026-09-23 13:27:11,1565,,7,1590534,3,317,182,0,0,45,flash,172,14797,18,17,308658,903,45,43,0,24,11,3910.7,72.6,320.0,0,False,False,none,none,0,1,,,1588499,0x0a8a1d5b,616,1112,85078,3,0,0,0,1,3
2026-09-23 13:27:41,1595,,7,1620514,3,323,185,0,0,45,flash,182,15093,18,17,314342,905,45,43,0,24,11,3899.8,72.5,320.0,0,False,False,none,none,0,1,,,1618474,0x0a8a1d5b,616,1112,86685,3,0,0,0,1,3
2026-09-23 13:28:11,1625,,7,1650491,3,329,188,0,0,45,flash,218,15357,18,17,320552,907,45,43,0,24,11,3906.8,72.6,320.0,0,False,False,none,none,0,1,,,1648459,0x0a8a1d5b,616,1112,88344,3,0,0,0,1,3
2026-09-23 13:28:41,1655,,7,1680485,3,335,191,0,0,45,flash,184,15641,19,18,326705,909,45,43,0,24,11,3901.1,72.5,320.0,0,False,False,none,none,0,1,,,1678451,0x0a8a1d5b,616,1112,89911,3,0,0,0,1,3
2026-09-23 13:29:11,1685,,7,1710483,3,341,194,0,0,45,flash,182,15945,19,18,332136,911,45,43,0,24,11,3899.4,72.5,320.0,0,False,False,none,none,0,1,,,1708450,0x0a8a1d5b,616,1112,91571,3,0,0,0,1,3
2026-09-23 13:29:41,1715,,7,1740462,3,347,198,0,0,45,flash,230,16235,19,18,337917,913,45,43,0,24,11,3903.6,72.6,320.0,0,False,False,none,none,0,1,,,1738432,0x0a8a1d5b,616,1112,93212,3,0,0,0,1,3
2026-09-23 13:30:11,1745,,7,1770444,3,353,201,0,0,45,flash,176,16499,19,18,343786,915,45,43,0,24,11,3908.8,72.6,320.0,0,False,False,none,none,0,1,,,1768416,0x0a8a1d5b,616,1112,94874,3,0,0,0,1,3
2026-09-23 13:30:41,1775,,7,1800448,3,359,206,0,0,45,flash,187,16800,19,18,349367,917,45,43,0,24,11,3900.6,72.5,320.0,0,False,False,none,none,0,1,,,1798410,0x0a8a1d5b,616,1112,96554,3,0,0,0,1,3
2026-09-23 13:31:11,1805,,7,1830518,3,365,210,0,0,45,flash,212,17085,19,18,355455,919,45,43,0,24,11,3907.7,72.7,320.0,0,False,False,none,none,0,1,,,1828445,0x0a8a1d5b,616,1112,98312,3,0,0,0,1,3
2026-09-23 13:31:41,1835,,7,1860421,3,371,213,0,0,45,flash,180,17355,19,18,361587,921,45,43,0,24,11,3900.5,72.5,320.0,0,False,False,none,none,0,1,,,1858387,0x0a8a1d5b,616,1112,99843,3,0,0,0,1,3
2026-09-23 13:32:11,1865,,7,1890397,3,377,216,0,0,45,flash,182,17652,19,18,367064,923,45,43,0,24,11,3902.4,72.6,320.0,0,False,False,none,none,0,1,,,1888370,0x0a8a1d5b,616,1112,101398,3,0,0,0,1,3
2026-09-23 13:32:41,1895,,7,1920389,3,383,219,0,0,45,flash,210,17937,19,18,372795,925,45,43,0,24,11,3903.7,72.6,320.0,0,False,False,none,none,0,1,,,1918366,0x0a8a1d5b,616,1112,103069,3,0,0,0,1,3
2026-09-23 13:33:11,1925,,7,1950371,3,389,222,0,0,45,flash,173,18206,19,18,378631,927,45,43,0,24,11,3911.3,72.6,320.0,0,False,False,none,none,0,1,,,1948341,0x0a8a1d5b,616,1112,104732,3,0,0,0,1,3
2026-09-23 13:33:41,1955,,7,1980387,3,395,226,0,0,45,flash,195,18511,19,18,384254,929,45,43,0,24,11,3900.4,72.5,320.0,0,False,False,none,none,0,1,,,1978362,0x0a8a1d5b,616,1112,106236,3,0,0,0,1,3
2026-09-23 13:34:11,1985,,7,2010360,3,401,230,0,0,45,flash,207,18791,19,18,390373,931,45,43,0,24,11,3907.5,72.6,320.0,0,False,False,none,none,0,1,,,2008328,0x0a8a1d5b,616,1112,107911,3,0,0,0,1,3
2026-09-23 13:34:41,2015,,7,2040336,3,407,233,0,0,45,flash,180,19081,19,18,396414,933,45,43,0,24,11,3900.8,72.5,320.0,0,False,False,none,none,0,1,,,2038309,0x0a8a1d5b,616,1112,109468,3,0,0,0,1,3
2026-09-23 13:35:11,2045,,7,2070339,3,413,236,0,0,45,flash,179,19400,19,18,401781,935,45,43,0,24,11,3900.4,72.5,320.0,0,False,False,none,none,0,1,,,2068312,0x0a8a1d5b,616,1112,111137,3,0,0,0,1,3
2026-09-23 13:35:41,2075,,7,2100319,3,419,239,0,0,45,flash,232,19713,19,18,407419,937,45,43,0,24,11,3904.3,72.6,320.0,0,False,False,none,none,0,1,,,2098287,0x0a8a1d5b,616,1112,112654,3,0,0,0,1,3
2026-09-23 13:36:11,2105,,7,2130314,3,425,242,0,0,45,flash,173,19976,20,19,413284,939,45,43,0,24,11,3908.6,72.6,320.0,0,False,False,none,none,0,1,,,2128277,0x0a8a1d5b,616,1112,114397,3,0,0,0,1,3
2026-09-23 13:36:41,2135,,7,2160301,3,431,245,0,0,45,flash,194,20288,20,19,418866,941,45,43,0,24,11,3900.9,72.6,320.0,0,False,False,none,none,0,1,,,2158264,0x0a8a1d5b,616,1112,116044,3,0,0,0,1,3
2026-09-23 13:37:11,2165,,7,2190289,3,437,248,0,0,45,flash,214,20569,20,19,424958,943,45,43,0,24,11,3905.9,72.6,320.0,0,False,False,none,none,0,1,,,2188264,0x0a8a1d5b,616,1112,117803,3,0,0,0,1,3
2026-09-23 13:37:41,2195,,7,2220281,3,443,252,0,0,45,flash,178,20862,21,20,430974,945,45,43,0,24,11,3903.2,72.6,320.0,0,False,False,none,none,0,1,,,2218240,0x0a8a1d5b,616,1112,119426,3,0,0,0,1,3
2026-09-23 13:38:11,2225,,7,2250244,3,449,255,0,0,45,flash,170,21172,21,20,436347,947,45,43,0,24,11,3900.3,72.5,320.0,0,False,False,none,none,0,1,,,2248220,0x0a8a1d5b,616,1112,121133,3,0,0,0,1,3
2026-09-23 13:38:41,2255,,7,2280239,3,455,259,0,0,45,flash,208,21476,22,20,442050,949,45,43,0,24,11,3903.9,72.6,320.0,0,False,False,none,none,0,1,,,2278209,0x0a8a1d5b,616,1112,122650,3,0,0,0,1,3
2026-09-23 13:39:11,2285,,7,2310228,3,461,262,0,0,45,flash,169,21758,22,20,447841,951,45,43,0,24,11,3907.5,72.6,320.0,0,False,False,none,none,0,1,,,2308201,0x0a8a1d5b,616,1112,124306,3,0,0,0,1,3
2026-09-23 13:39:41,2315,,7,2340220,3,467,265,0,0,45,flash,191,22066,22,20,453400,953,45,43,0,24,11,3901.5,72.6,320.0,0,False,False,none,none,0,1,,,2338188,0x0a8a1d5b,616,1112,125811,3,0,0,0,1,3
2026-09-23 13:40:11,2345,,7,2370208,3,473,268,0,0,45,flash,213,22374,22,20,459443,955,45,43,0,24,11,3906.4,72.6,320.0,0,False,False,none,none,0,1,,,2368177,0x0a8a1d5b,616,1112,127451,3,0,0,0,1,3
2026-09-23 13:40:41,2375,,7,2400187,3,479,272,0,0,45,flash,186,22659,23,21,465513,957,45,43,0,24,11,3902.5,72.6,320.0,0,False,False,none,none,0,1,,,2398159,0x0a8a1d5b,616,1112,128999,3,0,0,0,1,3
2026-09-23 13:41:11,2405,,7,2430193,3,485,277,0,0,45,flash,184,22965,23,21,470864,959,45,43,0,24,11,3899.9,72.5,320.0,0,False,False,none,none,0,1,,,2428156,0x0a8a1d5b,616,1112,130670,3,0,0,0,1,3
2026-09-23 13:41:41,2435,,7,2460164,3,491,280,0,0,45,flash,217,23264,23,21,476589,961,45,43,0,24,11,3902.8,72.6,320.0,0,False,False,none,none,0,1,,,2458134,0x0a8a1d5b,616,1112,132095,3,0,0,0,1,3
2026-09-23 13:42:11,2465,,7,2490172,3,497,283,0,0,45,flash,170,23556,23,21,482342,963,45,43,0,24,11,3910.0,72.6,320.0,0,False,False,none,none,0,1,,,2488142,0x0a8a1d5b,616,1112,133753,3,0,0,0,1,3
2026-09-23 13:42:41,2495,,7,2520167,3,503,286,0,0,45,flash,190,23880,23,21,487868,965,45,43,0,24,11,3901.1,72.6,320.0,0,False,False,none,none,0,1,,,2518134,0x0a8a1d5b,616,1112,135379,3,0,0,0,1,3
2026-09-23 13:43:11,2525,,7,2550152,4,509,289,0,0,45,flash,208,24181,24,22,493902,967,45,43,0,24,11,3908.2,72.7,320.0,0,False,False,none,none,0,1,,,2548122,0x0a8a1d5b,616,1112,136980,4,0,0,0,1,4
2026-09-23 13:43:41,2555,,7,2580139,4,515,292,0,0,45,flash,178,24491,24,22,499883,969,45,43,0,24,11,3900.8,72.5,320.0,0,False,False,none,none,0,1,,,2578111,0x0a8a1d5b,616,1112,138512,4,0,0,0,1,4
2026-09-23 13:44:11,2585,,7,2610130,4,521,296,0,0,45,flash,172,24807,24,22,505177,971,45,43,0,24,11,3900.0,72.5,320.0,0,False,False,none,none,0,1,,,2608101,0x0a8a1d5b,616,1112,140144,4,0,0,0,1,4
2026-09-23 13:44:41,2615,,7,2640108,4,527,299,0,0,45,flash,214,25112,24,22,510843,973,45,43,0,24,11,3905.8,72.6,320.0,0,False,False,none,none,0,1,,,2638081,0x0a8a1d5b,616,1112,141691,4,0,0,0,1,4
2026-09-23 13:45:11,2645,,7,2670090,4,533,303,0,0,45,flash,168,25390,24,22,516683,975,45,43,0,24,11,3909.8,72.6,320.0,0,False,False,none,none,0,1,,,2668068,0x0a8a1d5b,616,1112,143294,4,0,0,0,1,4
2026-09-23 13:45:41,2675,,7,2700099,4,539,306,0,0,45,flash,192,25700,24,22,522207,977,45,43,0,24,11,3900.6,72.5,320.0,0,False,False,none,none,0,1,,,2698066,0x0a8a1d5b,616,1112,144965,4,0,0,0,1,4
2026-09-23 13:46:11,2705,,7,2730080,4,545,310,0,0,45,flash,203,26004,24,22,528238,979,45,43,0,24,11,3907.3,72.6,320.0,0,False,False,none,none,0,1,,,2728054,0x0a8a1d5b,616,1112,146652,4,0,0,0,1,4
2026-09-23 13:46:41,2735,,7,2760069,4,551,313,0,0,45,flash,184,26304,24,22,534187,981,45,43,0,24,11,3901.9,72.5,320.0,0,False,False,none,none,0,1,,,2758038,0x0a8a1d5b,616,1112,148278,4,0,0,0,1,4
2026-09-23 13:47:11,2765,,7,2790066,4,557,316,0,0,45,flash,177,26615,24,22,539529,983,45,43,0,24,11,3901.9,72.6,320.0,0,False,False,none,none,0,1,,,2788029,0x0a8a1d5b,616,1112,149969,4,0,0,0,1,4
2026-09-23 13:47:41,2795,,7,2820047,4,563,319,0,0,45,flash,217,26929,24,22,545162,985,45,43,0,24,11,3904.4,72.5,320.0,0,False,False,none,none,0,1,,,2818019,0x0a8a1d5b,616,1112,151500,4,0,0,0,1,4
2026-09-23 13:48:11,2825,,7,2850048,4,569,322,0,0,45,flash,170,27222,24,22,550911,987,45,43,0,24,11,3909.5,72.6,320.0,0,False,False,none,none,0,1,,,2848010,0x0a8a1d5b,616,1112,153197,4,0,0,0,1,4
2026-09-23 13:48:41,2855,,7,2880017,4,575,326,0,0,45,flash,189,27551,24,22,556367,989,45,43,0,24,11,3901.5,72.5,320.0,0,False,False,none,none,0,1,,,2877989,0x0a8a1d5b,616,1112,154755,4,0,0,0,1,4
2026-09-23 13:49:11,2885,,7,2910019,4,581,330,0,0,45,flash,205,27852,24,22,562442,991,45,43,0,24,11,3907.0,72.6,320.0,0,False,False,none,none,0,1,,,2907990,0x0a8a1d5b,616,1112,156344,4,0,0,0,1,4
2026-09-23 13:49:41,2915,,7,2940009,4,587,333,0,0,45,flash,173,28154,24,22,568462,993,45,43,0,24,11,3901.4,72.5,320.0,0,False,False,none,none,0,1,,,2937976,0x0a8a1d5b,616,1112,157865,4,0,0,0,1,4
2026-09-23 13:50:11,2945,,7,2969988,5,593,336,0,0,45,flash,176,28469,25,23,573837,995,45,44,0,24,11,3901.1,72.5,320.0,0,False,False,none,none,0,1,,,2967961,0x0a8a1d5b,616,1112,159544,5,0,0,0,2,5
2026-09-23 13:50:41,2975,,7,2999990,5,599,340,0,0,45,flash,213,28766,25,23,579529,997,45,44,0,24,11,3905.0,72.6,320.0,0,False,False,none,none,0,1,,,2997959,0x0a8a1d5b,616,1112,161129,5,0,0,0,2,5
2026-09-23 13:51:11,3006,,7,3029985,5,605,343,0,0,45,flash,172,29046,25,23,585360,999,45,44,0,24,11,3909.5,72.6,320.0,0,False,False,none,none,0,1,,,3027949,0x0a8a1d5b,616,1112,162715,5,0,0,0,2,5
2026-09-23 13:51:41,3036,,7,3059969,5,611,347,0,0,45,flash,195,29356,25,23,590933,1001,45,44,0,24,11,3900.7,72.5,320.0,0,False,False,none,none,0,1,,,3057930,0x0a8a1d5b,616,1112,164284,5,0,0,0,2,5
2026-09-23 13:52:11,3066,,7,3089942,5,617,350,0,0,45,flash,210,29657,25,23,596990,1003,45,44,0,24,11,3905.9,72.6,320.0,0,False,False,none,none,0,1,,,3087918,0x0a8a1d5b,616,1112,165929,5,0,0,0,2,5
2026-09-23 13:52:41,3096,,7,3119925,5,623,353,0,0,45,flash,169,29948,25,23,602937,1005,45,44,0,24,11,3902.4,72.6,320.0,0,False,False,none,none,0,1,,,3117901,0x0a8a1d5b,616,1112,167645,5,0,0,0,2,5
2026-09-23 13:53:11,3126,,7,3149943,5,629,356,0,0,45,flash,185,30268,25,23,608250,1007,45,44,0,24,11,3898.8,72.5,320.0,0,False,False,none,none,0,1,,,3147906,0x0a8a1d5b,616,1112,169294,5,0,0,0,2,5
2026-09-23 13:53:41,3156,,7,3179909,5,635,359,0,0,45,flash,220,30555,25,23,614044,1009,45,44,0,24,11,3904.7,72.6,320.0,0,False,False,none,none,0,1,,,3177885,0x0a8a1d5b,616,1112,170955,5,0,0,0,2,5
2026-09-23 13:54:11,3186,,7,3209891,5,641,363,0,0,45,flash,168,30820,25,23,619953,1011,45,44,0,24,11,3912.0,72.7,320.0,0,False,False,none,none,0,1,,,3207862,0x0a8a1d5b,616,1112,172582,5,0,0,0,2,5
2026-09-23 13:54:41,3216,,7,3239878,5,647,366,0,0,45,flash,194,31123,25,23,625597,1013,45,44,0,24,11,3900.8,72.5,320.0,0,False,False,none,none,0,1,,,3237854,0x0a8a1d5b,616,1112,174132,5,0,0,0,2,5
2026-09-23 13:55:11,3246,,7,3269884,5,653,369,0,0,45,flash,215,31405,25,23,631729,1015,45,44,0,24,11,3906.9,72.7,320.0,0,False,False,none,none,0,1,,,3267857,0x0a8a1d5b,616,1112,175799,5,0,0,0,2,5
2026-09-23 13:55:41,3276,,7,3299884,5,659,372,0,0,45,flash,182,31682,25,23,637851,1017,45,44,0,24,11,3900.9,72.5,320.0,0,False,False,none,none,0,1,,,3297854,0x0a8a1d5b,616,1112,177365,5,0,0,0,2,5
2026-09-23 13:56:11,3306,,7,3329878,5,665,375,0,0,45,flash,174,31996,25,23,643264,1019,45,44,0,24,11,3899.4,72.5,320.0,0,False,False,none,none,0,1,,,3327856,0x0a8a1d5b,616,1112,179033,5,0,0,0,2,5
2026-09-23 13:56:41,3336,,7,3359880,5,671,378,0,0,45,flash,216,32302,25,23,648976,1021,45,44,0,24,11,3903.0,72.6,320.0,0,False,False,none,none,0,1,,,3357852,0x0a8a1d5b,616,1112,180661,5,0,0,0,2,5
2026-09-23 13:57:11,3366,,7,3389876,5,677,381,0,0,45,flash,166,32595,26,24,654801,1023,45,44,0,24,11,3910.1,72.6,320.0,0,False,False,none,none,0,1,,,3387842,0x0a8a1d5b,616,1112,182307,5,0,0,0,2,5
2026-09-23 13:57:41,3396,,7,3419871,5,683,384,0,0,45,flash,196,32900,26,24,660344,1025,45,44,0,24,11,3900.9,72.5,320.0,0,False,False,none,none,0,1,,,3417833,0x0a8a1d5b,616,1112,183971,5,0,0,0,2,5
2026-09-23 13:58:11,3426,,7,3449857,5,689,387,0,0,45,flash,207,33183,26,24,666525,1027,45,44,0,24,11,3908.0,72.7,320.0,0,False,False,none,none,0,1,,,3447832,0x0a8a1d5b,616,1112,185571,5,0,0,0,2,5
2026-09-23 13:58:41,3456,,7,3479838,5,695,390,0,0,45,flash,182,33468,26,24,672588,1029,45,44,0,24,11,3900.8,72.5,320.0,0,False,False,none,none,0,1,,,3477815,0x0a8a1d5b,616,1112,187157,5,0,0,0,2,5
2026-09-23 13:59:11,3486,,7,3509834,5,701,393,0,0,45,flash,180,33781,26,24,677996,1031,45,44,0,24,11,3902.2,72.6,320.0,0,False,False,none,none,0,1,,,3507811,0x0a8a1d5b,600,1112,188788,5,0,0,0,2,5
2026-09-23 13:59:41,3516,,7,3539828,5,707,397,0,0,45,flash,211,34072,26,24,683681,1033,45,44,0,24,11,3904.6,72.6,320.0,0,False,False,none,none,0,1,,,3537798,0x0a8a1d5b,600,1112,190327,5,0,0,0,2,5
2026-09-23 14:00:11,3546,,7,3569831,6,713,400,0,0,45,flash,174,34349,28,25,689530,1035,45,44,0,24,11,3909.1,72.6,320.0,0,False,False,none,none,0,1,,,3567797,0x0a8a1d5b,600,1112,191911,6,0,0,0,2,6
2026-09-23 14:00:41,3576,,7,3599811,6,719,403,0,0,45,flash,184,34656,28,25,695105,1037,45,44,0,24,11,3900.5,72.5,320.0,0,False,False,none,none,0,1,,,3597784,0x0a8a1d5b,600,1112,193408,6,0,0,0,2,6
2026-09-23 14:01:11,3605,end,7,3629310,6,725,406,0,0,45,flash,202,34948,28,25,701036,1039,45,44,0,24,11,3902.3,72.6,320.0,0,False,False,none,none,0,1,,,3627285,0x0a8a1d5b,600,1112,195054,6,0,0,0,2,6
