entry_end,t_eff_mid_h,level_pct,pack_mv,f_usb,led_pm,clean
2026-09-28 19:58,0.031,99.94,4036.4,0.429,486,0
2026-09-28 20:08,0.094,99.82,4036.4,0.000,80,0
2026-09-28 20:18,0.158,99.69,4036.4,0.000,80,0
2026-09-28 20:28,0.222,99.57,4036.4,0.000,80,0
2026-09-28 20:38,0.286,99.44,4036.4,0.000,80,0
2026-09-28 20:48,0.350,99.32,4036.4,0.000,80,0
2026-09-28 20:58,0.414,99.20,4036.4,0.000,80,0
2026-09-28 21:08,0.478,99.07,4036.4,0.000,80,0
2026-09-28 21:18,0.542,98.95,4036.4,0.000,80,0
2026-09-28 21:28,0.606,98.82,4036.4,0.000,80,0
2026-09-28 21:38,0.710,98.62,4036.4,0.000,809,0
2026-09-28 21:48,0.866,98.32,4036.4,0.000,1000,0
2026-09-28 21:58,1.033,98.00,4036.4,0.000,1000,0
2026-09-28 22:08,1.200,97.67,4036.4,0.000,1000,0
2026-09-28 22:18,1.366,97.35,4036.4,0.000,1000,0
2026-09-28 22:28,1.533,97.03,4036.4,0.000,1000,0
2026-09-28 22:38,1.700,96.70,4036.4,0.000,1000,0
2026-09-28 22:48,1.866,96.38,4036.4,0.000,1000,0
2026-09-28 22:58,2.033,96.06,4036.4,0.000,1000,0
2026-09-28 23:08,2.200,95.73,4036.4,0.000,1000,0
2026-09-28 23:18,2.366,95.41,4036.4,0.000,1000,0
2026-09-28 23:28,2.533,95.09,4036.4,0.000,1000,0
2026-09-28 23:38,2.700,94.76,4036.4,0.000,1000,0
2026-09-28 23:48,2.866,94.44,4036.4,0.000,1000,0
2026-09-28 23:58,3.033,94.12,4036.4,0.000,1000,0
2026-09-29 00:08,3.200,93.79,4036.4,0.000,1000,0
2026-09-29 00:18,3.366,93.47,4036.4,0.000,1000,0
2026-09-29 00:28,3.533,93.15,4036.4,0.000,1000,0
2026-09-29 00:38,3.700,92.82,4036.2,0.000,1000,0
2026-09-29 00:48,3.866,92.50,4036.1,0.000,1000,0
2026-09-29 00:58,4.033,92.18,4035.5,0.000,1000,0
2026-09-29 01:08,4.200,91.85,4035.2,0.000,1000,0
2026-09-29 01:18,4.366,91.53,4035.2,0.000,1000,0
2026-09-29 01:28,4.533,91.21,4034.3,0.000,1000,0
2026-09-29 01:38,4.700,90.88,4034.0,0.000,1000,0
2026-09-29 01:48,4.866,90.56,4034.7,0.000,1000,0
2026-09-29 01:58,5.033,90.24,4033.4,0.000,1000,0
2026-09-29 02:08,5.200,89.91,4032.0,0.000,1000,0
2026-09-29 02:18,5.366,89.59,4031.3,0.000,1000,1
2026-09-29 02:28,5.533,89.27,4028.7,0.000,1000,1
2026-09-29 02:38,5.700,88.94,4030.5,0.000,1000,1
2026-09-29 02:48,5.866,88.62,4028.5,0.000,1000,1
2026-09-29 02:58,6.033,88.30,4027.5,0.000,1000,1
2026-09-29 03:08,6.200,87.97,4024.5,0.000,1000,1
2026-09-29 03:18,6.366,87.65,4024.5,0.000,1000,1
2026-09-29 03:28,6.533,87.33,4022.8,0.000,1000,1
2026-09-29 03:38,6.700,87.00,4020.8,0.000,1000,1
2026-09-29 03:48,6.866,86.68,4019.5,0.000,1000,1
2026-09-29 03:58,7.033,86.36,4019.3,0.000,1000,1
2026-09-29 04:08,7.200,86.03,4016.4,0.000,1000,1
2026-09-29 04:18,7.366,85.71,4016.5,0.000,1000,1
2026-09-29 04:28,7.533,85.39,4017.3,0.000,1000,1
2026-09-29 04:38,7.700,85.06,4017.5,0.000,1000,1
2026-09-29 04:48,7.866,84.74,4016.5,0.000,1000,1
2026-09-29 04:58,8.033,84.42,4015.3,0.000,1000,1
2026-09-29 05:08,8.200,84.09,4015.8,0.000,1000,1
2026-09-29 05:18,8.366,83.77,4017.0,0.000,1000,1
2026-09-29 05:28,8.533,83.45,4015.2,0.000,1000,1
2026-09-29 05:38,8.700,83.12,4013.9,0.000,1000,1
2026-09-29 05:48,8.866,82.80,4015.0,0.000,1000,1
2026-09-29 05:58,9.033,82.48,4014.8,0.000,1000,1
2026-09-29 06:08,9.200,82.16,4013.8,0.000,1000,1
2026-09-29 06:18,9.366,81.83,4015.1,0.000,1000,1
2026-09-29 06:28,9.533,81.51,4013.6,0.000,1000,1
2026-09-29 06:38,9.700,81.19,4012.1,0.000,1000,1
2026-09-29 06:48,9.866,80.86,4013.5,0.000,1000,1
2026-09-29 06:58,10.033,80.54,4011.2,0.000,1000,1
2026-09-29 07:08,10.200,80.22,4010.8,0.000,1000,1
2026-09-29 07:18,10.366,79.89,4010.2,0.000,1000,1
2026-09-29 07:28,10.533,79.57,4010.6,0.000,1000,1
2026-09-29 07:38,10.700,79.25,4010.8,0.000,1000,1
2026-09-29 07:48,10.866,78.92,4008.7,0.000,1000,1
2026-09-29 07:58,11.033,78.60,4010.8,0.000,1000,1
2026-09-29 08:08,11.200,78.28,4009.1,0.000,1000,1
2026-09-29 08:18,11.366,77.95,4009.1,0.000,1000,1
2026-09-29 08:28,11.533,77.63,4009.7,0.000,1000,1
2026-09-29 08:38,11.700,77.31,4009.2,0.000,1000,1
2026-09-29 08:48,11.866,76.98,4007.6,0.000,1000,1
2026-09-29 08:58,12.033,76.66,4007.4,0.000,1000,1
2026-09-29 09:08,12.200,76.34,4008.1,0.000,1000,1
2026-09-29 09:18,12.366,76.01,4007.9,0.000,1000,1
2026-09-29 09:28,12.533,75.69,4006.8,0.000,1000,1
2026-09-29 09:38,12.645,75.47,4009.1,0.057,1000,0
2026-09-29 09:48,12.757,75.26,4009.1,0.000,1000,1
2026-09-29 09:58,12.923,74.93,4009.1,0.000,1000,1
2026-09-29 10:08,13.090,74.61,4009.2,0.000,1000,1
2026-09-29 10:18,13.257,74.29,4007.8,0.000,1000,1
2026-09-29 10:28,13.423,73.96,4010.3,0.000,1000,1
2026-09-29 10:38,13.590,73.64,4006.1,0.000,1000,1
2026-09-29 10:48,13.757,73.32,4005.9,0.000,1000,1
2026-09-29 10:58,13.923,72.99,4005.3,0.000,1000,1
2026-09-29 11:08,14.090,72.67,4008.5,0.000,1000,1
2026-09-29 11:18,14.257,72.35,4009.0,0.000,1000,1
2026-09-29 11:28,14.423,72.02,4007.6,0.000,1000,1
2026-09-29 11:38,14.590,71.70,4005.9,0.000,1000,1
2026-09-29 11:48,14.757,71.38,4004.8,0.000,1000,1
2026-09-29 11:58,14.923,71.05,4006.0,0.000,1000,1
2026-09-29 12:08,15.090,70.73,4008.8,0.000,1000,1
2026-09-29 12:18,15.257,70.41,4006.5,0.000,1000,1
2026-09-29 12:28,15.423,70.08,4005.1,0.000,1000,1
2026-09-29 12:38,15.590,69.76,4007.4,0.000,1000,1
2026-09-29 12:48,15.757,69.44,4004.6,0.000,1000,1
2026-09-29 12:58,15.923,69.11,4004.8,0.000,1000,1
2026-09-29 13:08,16.090,68.79,4003.9,0.000,1000,1
2026-09-29 13:18,16.257,68.47,4004.7,0.000,1000,1
2026-09-29 13:28,16.423,68.14,4003.7,0.000,1000,1
2026-09-29 13:38,16.590,67.82,4004.5,0.000,1000,1
2026-09-29 13:48,16.756,67.50,4002.2,0.000,994,1
2026-09-29 14:08,16.399,68.19,4008.3,0.119,990,0
2026-09-29 14:18,16.450,68.09,4003.9,0.000,1000,1
2026-09-29 14:28,16.617,67.77,4001.8,0.000,1000,1
2026-09-29 14:38,16.784,67.44,4002.0,0.000,1000,1
2026-09-29 14:48,16.950,67.12,4001.1,0.000,1000,1
2026-09-29 14:58,17.117,66.80,4000.9,0.000,1000,1
2026-09-29 15:08,17.284,66.47,4000.0,0.000,1000,1
2026-09-29 15:18,17.450,66.15,3999.3,0.000,1000,1
2026-09-29 15:28,17.617,65.83,3999.5,0.000,1000,1
2026-09-29 15:38,17.784,65.50,3998.9,0.000,1000,1
2026-09-29 15:48,17.950,65.18,3999.6,0.000,1000,1
2026-09-29 15:58,18.117,64.86,3998.2,0.000,1000,1
2026-09-29 16:08,18.284,64.54,3998.6,0.000,1000,1
2026-09-29 16:18,18.450,64.21,3998.2,0.000,1000,1
2026-09-29 16:28,18.617,63.89,3996.5,0.000,1000,1
2026-09-29 16:38,18.784,63.57,3994.1,0.000,1000,1
2026-09-29 16:48,18.950,63.24,3994.0,0.000,1000,1
2026-09-29 16:58,19.117,62.92,3994.0,0.000,1000,1
2026-09-29 17:08,19.284,62.60,3992.9,0.000,1000,1
2026-09-29 17:18,19.450,62.27,3991.2,0.000,1000,1
2026-09-29 17:28,19.617,61.95,3990.5,0.000,1000,1
2026-09-29 17:38,19.784,61.63,3988.1,0.000,1000,1
2026-09-29 17:48,19.950,61.30,3987.0,0.000,1000,1
2026-09-29 17:58,20.117,60.98,3986.4,0.000,1000,1
2026-09-29 18:08,20.284,60.66,3984.9,0.000,1000,1
2026-09-29 18:18,20.450,60.33,3983.2,0.000,1000,1
2026-09-29 18:28,20.617,60.01,3983.1,0.000,1000,1
2026-09-29 18:38,20.784,59.69,3980.5,0.000,1000,1
2026-09-29 18:48,20.950,59.36,3978.4,0.000,1000,1
2026-09-29 18:58,21.117,59.04,3978.6,0.000,1000,1
2026-09-29 19:08,21.284,58.72,3973.6,0.000,1000,1
2026-09-29 19:18,21.450,58.39,3972.2,0.000,1000,1
2026-09-29 19:28,21.617,58.07,3971.2,0.000,1000,1
2026-09-29 19:38,21.784,57.75,3968.6,0.000,1000,1
2026-09-29 19:48,21.950,57.42,3965.0,0.000,1000,1
2026-09-29 19:58,22.117,57.10,3963.1,0.000,1000,1
2026-09-29 20:08,22.284,56.78,3963.3,0.000,1000,1
2026-09-29 20:18,22.450,56.45,3958.0,0.000,1000,1
2026-09-29 20:28,22.617,56.13,3953.6,0.000,1000,1
2026-09-29 20:38,22.784,55.81,3951.0,0.000,1000,1
2026-09-29 20:48,22.950,55.48,3947.7,0.000,1000,1
2026-09-29 20:58,23.117,55.16,3945.6,0.000,1000,1
2026-09-29 21:08,23.284,54.84,3938.1,0.000,1000,1
2026-09-29 21:18,23.450,54.51,3938.5,0.000,1000,1
2026-09-29 21:28,23.617,54.19,3935.0,0.000,1000,1
2026-09-29 21:38,23.784,53.87,3931.1,0.000,1000,1
2026-09-29 21:48,23.950,53.54,3925.0,0.000,1000,1
2026-09-29 21:58,24.117,53.22,3921.7,0.000,1000,1
2026-09-29 22:08,24.284,52.90,3918.4,0.000,1000,1
2026-09-29 22:18,24.450,52.57,3915.6,0.000,1000,1
2026-09-29 22:28,24.617,52.25,3911.5,0.000,1000,1
2026-09-29 22:38,24.784,51.93,3908.5,0.000,1000,1
2026-09-29 22:48,24.950,51.60,3907.5,0.000,1000,1
2026-09-29 22:58,25.117,51.28,3903.7,0.000,1000,1
2026-09-29 23:08,25.284,50.96,3901.1,0.000,1000,1
2026-09-29 23:18,25.450,50.63,3897.3,0.000,1000,1
2026-09-29 23:28,25.617,50.31,3894.6,0.000,1000,1
2026-09-29 23:38,25.784,49.99,3893.8,0.000,1000,1
2026-09-29 23:48,25.950,49.66,3892.7,0.000,1000,1
2026-09-29 23:58,26.117,49.34,3891.1,0.000,1000,1
2026-09-30 00:08,26.284,49.02,3886.4,0.000,1000,1
2026-09-30 00:18,26.450,48.69,3883.6,0.000,1000,1
2026-09-30 00:28,26.617,48.37,3881.7,0.000,1000,1
2026-09-30 00:38,26.744,48.13,3884.0,0.042,1000,0
2026-09-30 00:48,26.870,47.88,3877.2,0.000,1000,1
2026-09-30 00:58,27.037,47.56,3875.9,0.000,1000,1
2026-09-30 01:08,27.204,47.23,3874.5,0.000,1000,1
2026-09-30 01:18,27.370,46.91,3874.8,0.000,1000,1
2026-09-30 01:28,27.537,46.59,3870.8,0.000,1000,1
2026-09-30 01:38,27.704,46.26,3868.8,0.000,1000,1
2026-09-30 01:48,27.870,45.94,3868.7,0.000,1000,1
2026-09-30 01:58,28.037,45.62,3866.7,0.000,1000,1
2026-09-30 02:08,28.204,45.29,3867.4,0.000,1000,1
2026-09-30 02:18,28.370,44.97,3867.4,0.000,1000,1
2026-09-30 02:28,28.537,44.65,3867.2,0.000,1000,1
2026-09-30 02:38,28.704,44.32,3866.2,0.000,1000,1
2026-09-30 02:48,28.870,44.00,3866.1,0.000,1000,1
2026-09-30 02:58,29.037,43.68,3863.9,0.000,1000,1
2026-09-30 03:08,29.204,43.35,3863.0,0.000,1000,1
2026-09-30 03:18,29.370,43.03,3861.5,0.000,1000,1
2026-09-30 03:28,29.537,42.71,3861.4,0.000,1000,1
2026-09-30 03:38,29.704,42.38,3858.3,0.000,1000,1
2026-09-30 03:48,29.870,42.06,3859.7,0.000,1000,1
2026-09-30 03:58,30.037,41.74,3858.2,0.000,1000,1
2026-09-30 04:08,30.204,41.41,3856.9,0.000,1000,1
2026-09-30 04:18,30.370,41.09,3856.8,0.000,1000,1
2026-09-30 04:28,30.537,40.77,3857.6,0.000,1000,1
2026-09-30 04:38,30.704,40.44,3855.9,0.000,1000,1
2026-09-30 04:48,30.870,40.12,3854.6,0.000,1000,1
2026-09-30 04:58,31.037,39.80,3854.9,0.000,1000,1
2026-09-30 05:08,31.204,39.47,3852.0,0.000,1000,1
2026-09-30 05:18,31.370,39.15,3853.4,0.000,1000,1
2026-09-30 05:28,31.537,38.83,3852.6,0.000,1000,1
2026-09-30 05:38,31.704,38.50,3851.1,0.000,1000,1
2026-09-30 05:48,31.870,38.18,3850.6,0.000,1000,1
2026-09-30 05:58,32.037,37.86,3849.2,0.000,1000,1
2026-09-30 06:08,32.204,37.53,3850.0,0.000,1000,1
2026-09-30 06:18,32.370,37.21,3850.1,0.000,1000,1
2026-09-30 06:28,32.537,36.89,3849.1,0.000,1000,1
2026-09-30 06:38,32.704,36.56,3850.1,0.000,1000,1
2026-09-30 06:48,32.870,36.24,3849.2,0.000,1000,1
2026-09-30 06:58,33.037,35.92,3849.9,0.000,1000,1
2026-09-30 07:08,33.204,35.59,3848.4,0.000,1000,1
2026-09-30 07:18,33.370,35.27,3844.9,0.000,1000,1
2026-09-30 07:28,33.537,34.95,3847.4,0.000,1000,1
2026-09-30 07:38,33.704,34.62,3845.0,0.000,1000,1
2026-09-30 07:48,33.870,34.30,3845.8,0.000,1000,1
2026-09-30 07:58,34.037,33.98,3844.7,0.000,1000,1
2026-09-30 08:08,34.204,33.65,3841.6,0.000,1000,1
2026-09-30 08:18,34.370,33.33,3842.8,0.000,1000,1
2026-09-30 08:28,34.537,33.01,3840.6,0.000,1000,1
2026-09-30 08:38,34.704,32.69,3840.0,0.000,1000,1
2026-09-30 08:48,34.870,32.36,3839.3,0.000,1000,1
2026-09-30 08:58,35.037,32.04,3839.6,0.000,1000,1
2026-09-30 09:08,35.204,31.72,3838.8,0.000,1000,1
2026-09-30 09:18,35.370,31.39,3837.8,0.000,1000,1
2026-09-30 09:28,35.537,31.07,3835.8,0.000,1000,1
2026-09-30 09:38,35.704,30.75,3833.1,0.000,1000,1
2026-09-30 09:48,35.870,30.42,3834.2,0.000,1000,1
2026-09-30 09:58,36.037,30.10,3833.0,0.000,1000,1
2026-09-30 10:08,36.204,29.78,3830.1,0.000,1000,1
2026-09-30 10:18,36.370,29.45,3829.9,0.000,1000,1
2026-09-30 10:28,36.537,29.13,3828.9,0.000,1000,1
2026-09-30 10:38,36.704,28.81,3827.0,0.000,1000,1
2026-09-30 10:48,36.870,28.48,3826.7,0.000,1000,1
2026-09-30 10:58,37.037,28.16,3825.4,0.000,1000,1
2026-09-30 11:08,37.204,27.84,3825.2,0.000,1000,1
2026-09-30 11:18,37.370,27.51,3821.8,0.000,1000,1
2026-09-30 11:28,37.537,27.19,3824.3,0.000,1000,1
2026-09-30 11:38,37.704,26.87,3822.7,0.000,1000,1
2026-09-30 11:48,37.870,26.54,3821.7,0.000,1000,1
2026-09-30 11:58,38.037,26.22,3820.8,0.000,1000,1
2026-09-30 12:08,38.204,25.90,3817.3,0.000,1000,1
2026-09-30 12:18,38.370,25.57,3816.9,0.000,1000,1
2026-09-30 12:28,38.537,25.25,3814.3,0.000,1000,1
2026-09-30 12:38,38.600,25.13,3824.6,0.108,1000,0
2026-09-30 12:48,38.664,25.00,3814.7,0.000,1000,1
2026-09-30 12:58,38.830,24.68,3814.7,0.000,1000,1
2026-09-30 13:08,38.997,24.36,3811.1,0.000,1000,1
2026-09-30 13:18,39.164,24.03,3808.6,0.000,1000,1
2026-09-30 13:28,39.330,23.71,3805.0,0.000,1000,1
2026-09-30 13:38,39.497,23.39,3805.6,0.000,1000,1
2026-09-30 13:48,39.664,23.06,3804.9,0.000,1000,1
2026-09-30 13:58,39.830,22.74,3805.0,0.000,1000,1
2026-09-30 14:08,39.997,22.42,3801.3,0.000,1000,1
2026-09-30 14:18,40.164,22.09,3799.2,0.000,1000,1
2026-09-30 14:28,40.330,21.77,3796.9,0.000,1000,1
2026-09-30 14:38,40.497,21.45,3796.1,0.000,1000,1
2026-09-30 14:48,40.664,21.12,3795.3,0.000,1000,1
2026-09-30 14:58,40.830,20.80,3793.0,0.000,1000,1
2026-09-30 15:08,40.911,20.64,3798.8,0.090,1000,0
2026-09-30 15:18,40.992,20.49,3788.0,0.000,1000,1
2026-09-30 15:28,41.158,20.17,3784.4,0.000,1000,1
2026-09-30 15:38,41.325,19.84,3782.8,0.000,1000,1
2026-09-30 15:48,41.492,19.52,3779.8,0.000,1000,1
2026-09-30 15:58,41.658,19.20,3778.2,0.000,1000,1
2026-09-30 16:08,41.825,18.87,3776.8,0.000,1000,1
2026-09-30 16:18,41.992,18.55,3773.4,0.000,1000,1
2026-09-30 16:28,42.158,18.23,3771.7,0.000,1000,1
2026-09-30 16:38,42.325,17.90,3768.0,0.000,1000,1
2026-09-30 16:48,42.492,17.58,3765.8,0.000,1000,1
2026-09-30 16:58,42.658,17.26,3763.5,0.000,1000,1
2026-09-30 17:08,42.825,16.93,3761.1,0.000,1000,1
2026-09-30 17:18,42.992,16.61,3756.5,0.000,1000,1
2026-09-30 17:28,43.158,16.29,3755.6,0.000,1000,1
2026-09-30 17:38,43.325,15.96,3753.9,0.000,1000,1
2026-09-30 17:48,43.492,15.64,3751.7,0.000,1000,1
2026-09-30 17:58,43.658,15.32,3750.7,0.000,1000,1
2026-09-30 18:08,43.825,14.99,3746.2,0.000,1000,1
2026-09-30 18:18,43.992,14.67,3743.7,0.000,1000,1
2026-09-30 18:28,44.158,14.35,3741.8,0.000,1000,1
2026-09-30 18:38,44.325,14.02,3738.6,0.000,1000,1
2026-09-30 18:48,44.492,13.70,3735.1,0.000,1000,1
2026-09-30 18:58,44.658,13.38,3731.4,0.000,1000,1
2026-09-30 19:08,44.825,13.05,3726.2,0.000,1000,1
2026-09-30 19:18,44.992,12.73,3725.2,0.000,1000,1
2026-09-30 19:28,45.158,12.41,3719.8,0.000,1000,1
2026-09-30 19:38,45.325,12.08,3715.5,0.000,1000,1
2026-09-30 19:48,45.492,11.76,3712.3,0.000,1000,1
2026-09-30 20:54,46.381,10.03,3693.8,0.077,1000,0
2026-09-30 21:04,46.474,9.85,3680.3,0.000,1000,1
2026-09-30 21:14,46.641,9.53,3671.8,0.000,1000,1
2026-09-30 21:24,46.808,9.21,3665.9,0.000,1000,1
2026-09-30 21:34,46.974,8.88,3659.7,0.000,1000,1
2026-09-30 21:44,47.141,8.56,3653.3,0.000,1000,1
2026-09-30 21:54,47.308,8.24,3646.9,0.000,1000,1
2026-09-30 22:04,47.474,7.91,3635.8,0.000,1000,1
2026-09-30 22:14,47.641,7.59,3629.2,0.000,1000,1
2026-09-30 22:24,47.808,7.27,3622.7,0.000,1000,1
2026-09-30 22:34,47.974,6.94,3614.0,0.000,1000,1
2026-09-30 22:44,48.141,6.62,3605.2,0.000,1000,1
2026-09-30 22:54,48.308,6.30,3598.4,0.000,1000,1
2026-09-30 23:04,48.474,5.97,3588.8,0.000,1000,1
2026-09-30 23:14,48.641,5.65,3581.0,0.000,1000,1
2026-09-30 23:24,48.757,5.43,3582.4,0.053,1000,0
2026-09-30 23:34,48.873,5.20,3570.1,0.000,1000,1
2026-09-30 23:44,49.040,4.88,3563.4,0.000,1000,1
2026-09-30 23:54,49.206,4.55,3558.7,0.000,1000,1
2026-10-01 00:04,49.357,4.26,3551.2,0.016,1000,0
2026-10-01 00:14,49.508,3.97,3542.3,0.000,1000,1
2026-10-01 00:24,49.675,3.65,3534.9,0.000,1000,1
2026-10-01 00:34,49.842,3.32,3529.9,0.000,1000,1
2026-10-01 00:44,50.008,3.00,3521.4,0.000,1000,1
2026-10-01 00:54,50.175,2.68,3513.1,0.000,1000,1
2026-10-01 01:04,50.342,2.35,3506.8,0.000,1000,1
2026-10-01 01:14,50.496,2.05,3502.7,0.013,1000,0
2026-10-01 01:24,50.650,1.75,3487.6,0.000,1000,1
2026-10-01 01:34,50.817,1.43,3473.7,0.000,1000,1
2026-10-01 01:44,50.984,1.11,3458.9,0.000,1000,1
2026-10-01 01:54,51.150,0.78,3444.9,0.000,1000,1
2026-10-01 02:04,51.317,0.46,3427.2,0.000,1000,1
2026-10-01 02:14,51.477,0.15,3407.8,0.000,924,0
