source,time,t_eff_h,level_pct,pack_mv,smoothed_mv,err_pooled,err_loo
log,2026-09-29 03:13:00,6.366,87.65,4024.5,4022.4,-0.52,-0.39
log,2026-09-29 03:23:00,6.533,87.33,4022.8,4021.7,-0.64,-0.48
log,2026-09-29 03:33:00,6.700,87.00,4020.8,4021.2,-0.80,-0.61
log,2026-09-29 03:43:00,6.866,86.68,4019.5,4019.8,-0.80,-0.60
log,2026-09-29 03:53:00,7.033,86.36,4019.3,4018.5,-0.52,-0.32
log,2026-09-29 04:03:00,7.200,86.03,4016.4,4017.8,-0.94,-0.71
log,2026-09-29 04:13:00,7.366,85.71,4016.5,4017.4,-0.60,-0.36
log,2026-09-29 04:23:00,7.533,85.39,4017.3,4016.8,-0.05,+0.17
log,2026-09-29 04:33:00,7.700,85.06,4017.5,4016.7,+0.31,+0.53
log,2026-09-29 04:43:00,7.866,84.74,4016.5,4016.5,+0.37,+0.61
log,2026-09-29 04:53:00,8.033,84.42,4015.3,4016.2,+0.02,+0.66
log,2026-09-29 05:03:00,8.200,84.09,4015.8,4015.8,+0.70,+1.09
log,2026-09-29 05:13:00,8.366,83.77,4017.0,4015.5,+1.47,+1.70
log,2026-09-29 05:23:00,8.533,83.45,4015.2,4015.3,+0.91,+1.61
log,2026-09-29 05:33:00,8.700,83.12,4013.9,4015.1,+0.14,+0.98
log,2026-09-29 05:43:00,8.866,82.80,4015.0,4014.9,+1.34,+2.17
log,2026-09-29 05:53:00,9.033,82.48,4014.8,4014.6,+1.52,+2.35
log,2026-09-29 06:03:00,9.200,82.16,4013.8,4014.4,+1.04,+1.87
log,2026-09-29 06:13:00,9.366,81.83,4015.1,4014.1,+2.38,+3.18
log,2026-09-29 06:23:00,9.533,81.51,4013.6,4013.6,+1.47,+2.30
log,2026-09-29 06:33:00,9.700,81.19,4012.1,4012.8,+0.55,+1.38
log,2026-09-29 06:43:00,9.866,80.86,4013.5,4012.2,+2.04,+2.87
log,2026-09-29 06:53:00,10.033,80.54,4011.2,4011.6,+0.47,+1.30
log,2026-09-29 07:03:00,10.200,80.22,4010.8,4011.0,+0.43,+1.26
log,2026-09-29 07:13:00,10.366,79.89,4010.2,4010.8,+0.24,+1.07
log,2026-09-29 07:23:00,10.533,79.57,4010.6,4010.7,+0.93,+1.76
log,2026-09-29 07:33:00,10.700,79.25,4010.8,4010.3,+1.40,+2.23
log,2026-09-29 07:43:00,10.866,78.92,4008.7,4010.0,-1.14,+0.52
log,2026-09-29 07:53:00,11.033,78.60,4010.8,4009.7,+2.04,+2.87
log,2026-09-29 08:03:00,11.200,78.28,4009.1,4009.5,+0.23,+1.81
log,2026-09-29 08:13:00,11.366,77.95,4009.1,4009.1,+0.56,+2.14
log,2026-09-29 08:23:00,11.533,77.63,4009.7,4008.8,+1.90,+2.97
log,2026-09-29 08:33:00,11.700,77.31,4009.2,4008.5,+1.35,+2.85
log,2026-09-29 08:43:00,11.866,76.98,4007.6,4008.3,-0.95,+0.71
log,2026-09-29 08:53:00,12.033,76.66,4007.4,4008.3,-1.07,+0.60
log,2026-09-29 09:03:00,12.200,76.34,4008.1,4008.3,+0.57,+2.23
log,2026-09-29 09:13:00,12.366,76.01,4007.9,4008.3,+0.45,+2.12
log,2026-09-29 09:23:00,12.533,75.69,4006.8,4008.3,-0.90,+0.69
log,2026-09-29 09:43:00,12.757,75.26,4009.1,4008.3,+3.25,+4.83
log,2026-09-29 09:53:00,12.923,74.93,4009.1,4008.3,+3.58,+5.16
log,2026-09-29 10:03:00,13.090,74.61,4009.2,4008.3,+4.05,+5.55
log,2026-09-29 10:13:00,13.257,74.29,4007.8,4008.3,+2.03,+3.70
log,2026-09-29 10:23:00,13.423,73.96,4010.3,4007.6,+6.31,+7.15
log,2026-09-29 10:33:00,13.590,73.64,4006.1,4007.1,+0.27,+1.57
log,2026-09-29 10:43:00,13.757,73.32,4005.9,4007.1,+0.27,+1.57
log,2026-09-29 10:53:00,13.923,72.99,4005.3,4007.1,-0.07,+1.46
log,2026-09-29 11:03:00,14.090,72.67,4008.5,4007.1,+4.82,+6.48
log,2026-09-29 11:13:00,14.257,72.35,4009.0,4007.1,+6.02,+7.67
log,2026-09-29 11:23:00,14.423,72.02,4007.6,4007.1,+4.01,+5.67
log,2026-09-29 11:33:00,14.590,71.70,4005.9,4006.8,+1.88,+3.19
log,2026-09-29 11:43:00,14.757,71.38,4004.8,4006.4,+0.89,+2.64
log,2026-09-29 11:53:00,14.923,71.05,4006.0,4006.2,+2.64,+3.91
log,2026-09-29 12:03:00,15.090,70.73,4008.8,4006.2,+7.20,+8.86
log,2026-09-29 12:13:00,15.257,70.41,4006.5,4006.1,+3.94,+5.39
log,2026-09-29 12:23:00,15.423,70.08,4005.1,4005.9,+2.51,+4.15
log,2026-09-29 12:33:00,15.590,69.76,4007.4,4005.5,+5.98,+7.64
log,2026-09-29 12:43:00,15.757,69.44,4004.6,4005.1,+2.50,+4.36
log,2026-09-29 12:53:00,15.923,69.11,4004.8,4004.6,+3.16,+4.90
log,2026-09-29 13:03:00,16.090,68.79,4003.9,4004.5,+2.28,+4.42
log,2026-09-29 13:13:00,16.257,68.47,4004.7,4004.3,+3.69,+5.47
log,2026-09-29 13:23:00,16.423,68.14,4003.7,4004.0,+2.70,+4.92
log,2026-09-29 14:13:00,16.450,68.09,4003.9,4003.0,+2.97,+5.12
log,2026-09-29 13:33:00,16.590,67.82,4004.5,4003.0,+4.01,+5.90
log,2026-09-29 14:23:00,16.617,67.77,4001.8,4002.9,+1.40,+3.76
log,2026-09-29 13:43:00,16.756,67.50,4002.2,4002.9,+1.92,+4.33
log,2026-09-29 14:33:00,16.784,67.44,4002.0,4001.7,+1.85,+4.23
log,2026-09-29 14:43:00,16.950,67.12,4001.1,4001.2,+1.55,+3.83
log,2026-09-29 14:53:00,17.117,66.80,4000.9,4000.7,+1.68,+3.93
log,2026-09-29 15:03:00,17.284,66.47,4000.0,4000.2,+1.38,+3.53
log,2026-09-29 15:13:00,17.450,66.15,3999.3,3999.8,+1.21,+3.35
log,2026-09-29 15:23:00,17.617,65.83,3999.5,3999.4,+1.65,+3.80
log,2026-09-29 15:33:00,17.784,65.50,3998.9,3999.2,+1.60,+3.74
log,2026-09-29 15:43:00,17.950,65.18,3999.6,3998.9,+2.36,+4.51
log,2026-09-29 15:53:00,18.117,64.86,3998.2,3998.7,+1.75,+3.89
log,2026-09-29 16:03:00,18.284,64.54,3998.6,3998.1,+2.32,+4.46
log,2026-09-29 16:13:00,18.450,64.21,3998.2,3997.1,+2.39,+4.54
log,2026-09-29 16:23:00,18.617,63.89,3996.5,3996.2,+1.47,+3.61
log,2026-09-29 16:33:00,18.784,63.57,3994.1,3995.4,+0.81,+2.24
log,2026-09-29 16:43:00,18.950,63.24,3994.0,3994.3,+1.11,+2.51
log,2026-09-29 16:53:00,19.117,62.92,3994.0,3993.2,+1.40,+2.77
log,2026-09-29 17:03:00,19.284,62.60,3992.9,3992.5,+1.37,+2.37
log,2026-09-29 17:13:00,19.450,62.27,3991.2,3991.3,+1.11,+2.02
log,2026-09-29 17:23:00,19.617,61.95,3990.5,3989.9,+1.20,+2.07
log,2026-09-29 17:33:00,19.784,61.63,3988.1,3988.6,+0.74,+1.49
log,2026-09-29 17:43:00,19.950,61.30,3987.0,3987.4,+0.71,+1.41
log,2026-09-29 17:53:00,20.117,60.98,3986.4,3985.9,+0.83,+1.49
log,2026-09-29 18:03:00,20.284,60.66,3984.9,3984.9,+0.66,+1.24
log,2026-09-29 18:13:00,20.450,60.33,3983.2,3983.6,+0.40,+0.89
log,2026-09-29 18:23:00,20.617,60.01,3983.1,3982.1,+0.69,+1.18
log,2026-09-29 18:33:00,20.784,59.69,3980.5,3980.7,+0.24,+0.50
log,2026-09-29 18:43:00,20.950,59.36,3978.4,3978.8,+0.27,+0.39
log,2026-09-29 18:53:00,21.117,59.04,3978.6,3976.6,+0.62,+0.74
log,2026-09-29 19:03:00,21.284,58.72,3973.6,3974.8,+0.25,+0.31
log,2026-09-29 19:13:00,21.450,58.39,3972.2,3972.8,+0.38,+0.42
log,2026-09-29 19:23:00,21.617,58.07,3971.2,3970.1,+0.57,+0.60
log,2026-09-29 19:33:00,21.784,57.75,3968.6,3968.0,+0.53,+0.52
log,2026-09-29 19:43:00,21.950,57.42,3965.0,3966.2,+0.35,+0.30
log,2026-09-29 19:53:00,22.117,57.10,3963.1,3963.6,+0.42,+0.35
log,2026-09-29 20:03:00,22.284,56.78,3963.3,3960.6,+0.77,+0.70
log,2026-09-29 20:13:00,22.450,56.45,3958.0,3957.8,+0.35,+0.21
log,2026-09-29 20:23:00,22.617,56.13,3953.6,3954.7,+0.06,-0.13
log,2026-09-29 20:33:00,22.784,55.81,3951.0,3951.2,+0.02,-0.20
log,2026-09-29 20:43:00,22.950,55.48,3947.7,3947.3,-0.10,-0.37
log,2026-09-29 20:53:00,23.117,55.16,3945.6,3944.2,-0.07,-0.30
log,2026-09-29 21:03:00,23.284,54.84,3938.1,3941.0,-0.54,-0.74
log,2026-09-29 21:13:00,23.450,54.51,3938.5,3937.7,-0.17,-0.38
log,2026-09-29 21:23:00,23.617,54.19,3935.0,3933.5,-0.21,-0.41
log,2026-09-29 21:33:00,23.784,53.87,3931.1,3930.2,-0.29,-0.49
log,2026-09-29 21:43:00,23.950,53.54,3925.0,3926.2,-0.59,-0.79
log,2026-09-29 21:53:00,24.117,53.22,3921.7,3922.4,-0.59,-0.80
log,2026-09-29 22:03:00,24.284,52.90,3918.4,3918.4,-0.61,-0.81
log,2026-09-29 22:13:00,24.450,52.57,3915.6,3915.1,-0.57,-0.78
log,2026-09-29 22:23:00,24.617,52.25,3911.5,3912.3,-0.67,-0.87
log,2026-09-29 22:33:00,24.784,51.93,3908.5,3909.4,-0.65,-0.85
log,2026-09-29 22:43:00,24.950,51.60,3907.5,3906.5,-0.43,-0.63
log,2026-09-29 22:53:00,25.117,51.28,3903.7,3903.6,-0.50,-0.70
log,2026-09-29 23:03:00,25.284,50.96,3901.1,3900.8,-0.44,-0.64
log,2026-09-29 23:13:00,25.450,50.63,3897.3,3898.1,-0.50,-0.75
log,2026-09-29 23:23:00,25.617,50.31,3894.6,3895.9,-0.56,-0.90
log,2026-09-29 23:33:00,25.784,49.99,3893.8,3893.9,-0.38,-0.71
log,2026-09-29 23:43:00,25.950,49.66,3892.7,3891.7,-0.26,-0.58
log,2026-09-29 23:53:00,26.117,49.34,3891.1,3889.5,-0.22,-0.53
log,2026-09-30 00:03:00,26.284,49.02,3886.4,3887.3,-0.72,-1.01
log,2026-09-30 00:13:00,26.450,48.69,3883.6,3886.0,-0.90,-1.17
log,2026-09-30 00:23:00,26.617,48.37,3881.7,3884.3,-0.92,-1.18
log,2026-09-30 00:43:00,26.870,47.88,3877.2,3875.7,-1.24,-1.47
log,2026-09-30 00:53:00,27.037,47.56,3875.9,3875.4,-1.15,-1.37
log,2026-09-30 01:03:00,27.204,47.23,3874.5,3874.5,-1.06,-1.28
log,2026-09-30 01:13:00,27.370,46.91,3874.8,3873.0,-0.69,-0.91
log,2026-09-30 01:23:00,27.537,46.59,3870.8,3871.5,-1.09,-1.28
log,2026-09-30 01:33:00,27.704,46.26,3868.8,3870.1,-1.11,-1.32
log,2026-09-30 01:43:00,27.870,45.94,3868.7,3868.6,-0.82,-1.06
log,2026-09-30 01:53:00,28.037,45.62,3866.7,3868.0,-1.17,-1.52
log,2026-09-30 02:03:00,28.204,45.29,3867.4,3867.6,-0.52,-0.89
log,2026-09-30 02:13:00,28.370,44.97,3867.4,3867.2,-0.20,-0.57
log,2026-09-30 02:23:00,28.537,44.65,3867.2,3866.9,+0.01,-0.34
log,2026-09-30 02:33:00,28.704,44.32,3866.2,3866.2,-0.06,-0.39
log,2026-09-30 02:43:00,28.870,44.00,3866.1,3865.3,+0.22,-0.10
log,2026-09-30 02:53:00,29.037,43.68,3863.9,3864.1,-0.40,-0.65
log,2026-09-30 03:03:00,29.204,43.35,3863.0,3863.2,-0.44,-0.67
log,2026-09-30 03:13:00,29.370,43.03,3861.5,3861.9,-0.74,-0.92
log,2026-09-30 03:23:00,29.537,42.71,3861.4,3860.8,-0.45,-0.63
log,2026-09-30 03:33:00,29.704,42.38,3858.3,3859.8,-1.41,-1.48
log,2026-09-30 03:43:00,29.870,42.06,3859.7,3858.9,-0.50,-0.62
log,2026-09-30 03:53:00,30.037,41.74,3858.2,3858.0,-0.83,-0.90
log,2026-09-30 04:03:00,30.204,41.41,3856.9,3857.4,-1.06,-1.08
log,2026-09-30 04:13:00,30.370,41.09,3856.8,3856.9,-0.77,-0.80
log,2026-09-30 04:23:00,30.537,40.77,3857.6,3856.3,-0.12,-0.17
log,2026-09-30 04:33:00,30.704,40.44,3855.9,3855.8,-0.50,-0.50
log,2026-09-30 04:43:00,30.870,40.12,3854.6,3855.1,-0.83,-0.83
log,2026-09-30 04:53:00,31.037,39.80,3854.9,3854.3,-0.33,-0.33
log,2026-09-30 05:03:00,31.204,39.47,3852.0,3853.6,-1.50,-1.50
log,2026-09-30 05:13:00,31.370,39.15,3853.4,3852.8,-0.47,-0.47
log,2026-09-30 05:23:00,31.537,38.83,3852.6,3852.0,-0.54,-0.54
log,2026-09-30 05:33:00,31.704,38.50,3851.1,3851.4,-0.97,-0.97
log,2026-09-30 05:43:00,31.870,38.18,3850.6,3850.9,-0.86,-0.86
log,2026-09-30 05:53:00,32.037,37.86,3849.2,3850.4,-1.24,-1.24
log,2026-09-30 06:03:00,32.204,37.53,3850.0,3850.2,-0.52,-0.52
log,2026-09-30 06:13:00,32.370,37.21,3850.1,3849.9,-0.15,-0.15
log,2026-09-30 06:23:00,32.537,36.89,3849.1,3849.9,-0.36,-0.36
log,2026-09-30 06:33:00,32.704,36.56,3850.1,3849.7,+0.49,+0.49
log,2026-09-30 06:43:00,32.870,36.24,3849.2,3849.4,+0.38,+0.38
log,2026-09-30 06:53:00,33.037,35.92,3849.9,3848.8,+1.01,+1.01
log,2026-09-30 07:03:00,33.204,35.59,3848.4,3848.0,+0.59,+0.59
log,2026-09-30 07:13:00,33.370,35.27,3844.9,3847.2,-0.62,-0.62
log,2026-09-30 07:23:00,33.537,34.95,3847.4,3846.3,+0.75,+0.75
log,2026-09-30 07:33:00,33.704,34.62,3845.0,3845.6,+0.05,+0.05
log,2026-09-30 07:43:00,33.870,34.30,3845.8,3844.7,+0.64,+0.64
log,2026-09-30 07:53:00,34.037,33.98,3844.7,3844.0,+0.58,+0.58
log,2026-09-30 08:03:00,34.204,33.65,3841.6,3843.0,-0.11,-0.11
log,2026-09-30 08:13:00,34.370,33.33,3842.8,3841.9,+0.62,+0.62
log,2026-09-30 08:23:00,34.537,33.01,3840.6,3840.9,+0.18,+0.18
log,2026-09-30 08:33:00,34.704,32.69,3840.0,3840.2,+0.30,+0.30
log,2026-09-30 08:43:00,34.870,32.36,3839.3,3839.6,+0.39,+0.39
log,2026-09-30 08:53:00,35.037,32.04,3839.6,3839.1,+0.83,+0.83
log,2026-09-30 09:03:00,35.204,31.72,3838.8,3838.2,+0.89,+0.89
log,2026-09-30 09:13:00,35.370,31.39,3837.8,3837.2,+0.86,+0.86
log,2026-09-30 09:23:00,35.537,31.07,3835.8,3835.9,+0.52,+0.52
log,2026-09-30 09:33:00,35.704,30.75,3833.1,3834.8,-0.04,-0.04
log,2026-09-30 09:43:00,35.870,30.42,3834.2,3833.2,+0.64,+0.64
log,2026-09-30 09:53:00,36.037,30.10,3833.0,3832.0,+0.55,+0.55
log,2026-09-30 10:03:00,36.204,29.78,3830.1,3831.0,-0.05,-0.07
log,2026-09-30 10:13:00,36.370,29.45,3829.9,3829.8,+0.22,+0.20
log,2026-09-30 10:23:00,36.537,29.13,3828.9,3828.5,+0.26,+0.22
log,2026-09-30 10:33:00,36.704,28.81,3827.0,3827.6,+0.02,-0.06
log,2026-09-30 10:43:00,36.870,28.48,3826.7,3826.7,+0.26,+0.19
log,2026-09-30 10:53:00,37.037,28.16,3825.4,3825.7,+0.20,+0.10
log,2026-09-30 11:03:00,37.204,27.84,3825.2,3824.9,+0.45,+0.34
log,2026-09-30 11:13:00,37.370,27.51,3821.8,3824.1,-0.21,-0.38
log,2026-09-30 11:23:00,37.537,27.19,3824.3,3823.3,+0.84,+0.71
log,2026-09-30 11:33:00,37.704,26.87,3822.7,3822.4,+0.70,+0.54
log,2026-09-30 11:43:00,37.870,26.54,3821.7,3821.0,+0.71,+0.54
log,2026-09-30 11:53:00,38.037,26.22,3820.8,3819.9,+0.78,+0.59
log,2026-09-30 12:03:00,38.204,25.90,3817.3,3818.5,+0.07,-0.18
log,2026-09-30 12:13:00,38.370,25.57,3816.9,3817.7,+0.29,+0.03
log,2026-09-30 12:23:00,38.537,25.25,3814.3,3816.6,-0.16,-0.38
log,2026-09-30 12:43:00,38.664,25.00,3814.7,3813.5,+0.21,-0.05
log,2026-09-30 12:53:00,38.830,24.68,3814.7,3812.3,+0.51,+0.26
log,2026-09-30 13:03:00,38.997,24.36,3811.1,3810.9,+0.14,-0.09
log,2026-09-30 13:13:00,39.164,24.03,3808.6,3809.0,+0.04,-0.22
log,2026-09-30 13:23:00,39.330,23.71,3805.0,3807.1,-0.26,-0.56
log,2026-09-30 13:33:00,39.497,23.39,3805.6,3805.8,+0.17,-0.12
log,2026-09-30 13:43:00,39.664,23.06,3804.9,3804.4,+0.37,+0.07
log,2026-09-30 13:53:00,39.830,22.74,3805.0,3803.1,+0.71,+0.41
log,2026-09-30 14:03:00,39.997,22.42,3801.3,3801.5,+0.40,+0.05
log,2026-09-30 14:13:00,40.164,22.09,3799.2,3799.7,+0.36,-0.01
log,2026-09-30 14:23:00,40.330,21.77,3796.9,3797.8,+0.28,-0.13
log,2026-09-30 14:33:00,40.497,21.45,3796.1,3796.3,+0.47,+0.05
log,2026-09-30 14:43:00,40.664,21.12,3795.3,3795.6,+0.65,+0.23
log,2026-09-30 14:53:00,40.830,20.80,3793.0,3795.2,+0.58,+0.13
log,2026-09-30 15:13:00,40.992,20.49,3788.0,3784.5,+0.04,-0.48
log,2026-09-30 15:23:00,41.158,20.17,3784.4,3783.3,-0.25,-0.63
log,2026-09-30 15:33:00,41.325,19.84,3782.8,3782.3,-0.14,-0.51
log,2026-09-30 15:43:00,41.492,19.52,3779.8,3780.4,-0.22,-0.57
log,2026-09-30 15:53:00,41.658,19.20,3778.2,3778.2,-0.11,-0.45
log,2026-09-30 16:03:00,41.825,18.87,3776.8,3776.0,+0.02,-0.30
log,2026-09-30 16:13:00,41.992,18.55,3773.4,3773.6,-0.11,-0.42
log,2026-09-30 16:23:00,42.158,18.23,3771.7,3771.1,-0.03,-0.32
log,2026-09-30 16:33:00,42.325,17.90,3768.0,3768.5,-0.20,-0.47
log,2026-09-30 16:43:00,42.492,17.58,3765.8,3766.0,-0.17,-0.42
log,2026-09-30 16:53:00,42.658,17.26,3763.5,3763.0,-0.16,-0.39
log,2026-09-30 17:03:00,42.825,16.93,3761.1,3760.5,-0.17,-0.38
log,2026-09-30 17:13:00,42.992,16.61,3756.5,3758.1,-0.46,-0.64
log,2026-09-30 17:23:00,43.158,16.29,3755.6,3755.8,-0.26,-0.44
log,2026-09-30 17:33:00,43.325,15.96,3753.9,3753.7,-0.17,-0.33
log,2026-09-30 17:43:00,43.492,15.64,3751.7,3751.6,-0.14,-0.29
log,2026-09-30 17:53:00,43.658,15.32,3750.7,3749.3,+0.05,-0.09
log,2026-09-30 18:03:00,43.825,14.99,3746.2,3746.8,-0.17,-0.27
log,2026-09-30 18:13:00,43.992,14.67,3743.7,3744.2,-0.10,-0.20
log,2026-09-30 18:23:00,44.158,14.35,3741.8,3741.1,+0.04,-0.06
log,2026-09-30 18:33:00,44.325,14.02,3738.6,3738.1,+0.03,-0.07
log,2026-09-30 18:43:00,44.492,13.70,3735.1,3734.6,+0.01,-0.09
log,2026-09-30 18:53:00,44.658,13.38,3731.4,3731.3,-0.04,-0.14
log,2026-09-30 19:03:00,44.825,13.05,3726.2,3727.5,-0.23,-0.33
log,2026-09-30 19:13:00,44.992,12.73,3725.2,3723.6,-0.01,-0.11
log,2026-09-30 19:23:00,45.158,12.41,3719.8,3720.1,-0.09,-0.17
log,2026-09-30 19:33:00,45.325,12.08,3715.5,3718.6,-0.02,-0.12
log,2026-09-30 19:43:00,45.492,11.76,3712.3,3716.4,+0.12,-0.01
log,2026-09-30 20:59:00,46.474,9.85,3680.3,3671.2,+0.16,-0.07
log,2026-09-30 21:09:00,46.641,9.53,3671.8,3668.3,+0.06,-0.13
log,2026-09-30 21:19:00,46.808,9.21,3665.9,3665.3,+0.09,-0.07
log,2026-09-30 21:29:00,46.974,8.88,3659.7,3659.5,+0.10,-0.03
log,2026-09-30 21:39:00,47.141,8.56,3653.3,3652.3,+0.10,-0.00
log,2026-09-30 21:49:00,47.308,8.24,3646.9,3645.0,+0.11,+0.03
log,2026-09-30 21:59:00,47.474,7.91,3635.8,3637.6,-0.09,-0.11
log,2026-09-30 22:09:00,47.641,7.59,3629.2,3629.7,-0.03,-0.03
log,2026-09-30 22:19:00,47.808,7.27,3622.7,3621.4,+0.02,+0.05
log,2026-09-30 22:29:00,47.974,6.94,3614.0,3613.9,-0.01,+0.06
log,2026-09-30 22:39:00,48.141,6.62,3605.2,3605.8,-0.04,+0.05
log,2026-09-30 22:49:00,48.308,6.30,3598.4,3598.3,+0.00,+0.12
log,2026-09-30 22:59:00,48.474,5.97,3588.8,3594.3,-0.06,+0.09
log,2026-09-30 23:09:00,48.641,5.65,3581.0,3590.7,-0.02,+0.09
log,2026-09-30 23:29:00,48.873,5.20,3570.1,3563.7,+0.03,+0.07
log,2026-09-30 23:39:00,49.040,4.88,3563.4,3563.7,+0.10,+0.10
log,2026-09-30 23:49:00,49.206,4.55,3558.7,3563.7,+0.24,+0.23
log,2026-10-01 00:09:00,49.508,3.97,3542.3,3534.5,+0.20,+0.13
log,2026-10-01 00:19:00,49.675,3.65,3534.9,3531.2,+0.18,+0.12
log,2026-10-01 00:29:00,49.842,3.32,3529.9,3527.6,+0.23,+0.22
log,2026-10-01 00:39:00,50.008,3.00,3521.4,3521.9,+0.08,+0.15
log,2026-10-01 00:49:00,50.175,2.68,3513.1,3518.6,+0.10,+0.15
log,2026-10-01 00:59:00,50.342,2.35,3506.8,3514.8,+0.21,+0.25
log,2026-10-01 01:19:00,50.650,1.75,3487.6,3471.1,+0.17,+0.18
log,2026-10-01 01:29:00,50.817,1.43,3473.7,3464.5,+0.09,+0.12
log,2026-10-01 01:39:00,50.984,1.11,3458.9,3458.8,-0.02,+0.03
log,2026-10-01 01:49:00,51.150,0.78,3444.9,3453.4,+0.02,+0.05
log,2026-10-01 01:59:00,51.317,0.46,3427.2,3446.6,+0.02,+0.04
