video_s,wall_time,c5_raw,pack_mv,segment
5,2026-10-03 23:30:45,76,3822,full white (lights on)
35,2026-10-03 23:45:45,76,3825,full white (lights on)
65,2026-10-04 00:00:45,75,3825,full white (lights on)
95,2026-10-04 00:15:45,76,3826,full white (lights on)
125,2026-10-04 00:30:45,76,3822,full white (lights on)
155,2026-10-04 00:45:45,76,3818,full white (lights on)
185,2026-10-04 01:00:45,74,3813,full white (lights on)
215,2026-10-04 01:15:45,74,3810,full white (lights on)
245,2026-10-04 01:30:45,74,3811,full white (lights on)
275,2026-10-04 01:45:46,74,3807,full white (lights on)
305,2026-10-04 02:00:46,74,3806,full white (lights on)
335,2026-10-04 02:15:46,73,3800,full white (lights on)
365,2026-10-04 02:30:46,73,3799,full white (lights on)
395,2026-10-04 02:45:46,73,3797,full white (lights on)
425,2026-10-04 03:00:46,72,3792,full white (lights on)
455,2026-10-04 03:15:46,72,3793,full white (lights on)
485,2026-10-04 03:30:46,71,3787,full white (lights on)
515,2026-10-04 03:45:47,71,3780,full white (lights on)
545,2026-10-04 04:00:47,71,3782,full white (lights on)
575,2026-10-04 04:15:47,70,3771,full white (lights on)
605,2026-10-04 04:30:47,70,3769,full white (lights on)
635,2026-10-04 04:45:47,70,3769,full white (lights on)
665,2026-10-04 05:00:47,69,3764,full white (lights on)
695,2026-10-04 05:15:47,69,3757,full white (lights on)
725,2026-10-04 05:30:47,67,3755,full white (lights on)
755,2026-10-04 05:45:48,68,3754,full white (lights on)
785,2026-10-04 06:00:48,66,3751,full white (lights on)
815,2026-10-04 06:15:48,67,3741,full white (lights on)
845,2026-10-04 06:30:48,67,3739,full white (lights on)
875,2026-10-04 06:45:48,66,3733,full white (lights on)
905,2026-10-04 07:00:48,65,3729,full white (lights on)
935,2026-10-04 07:15:48,65,3726,full white (lights on)
965,2026-10-04 07:30:48,64,3718,full white (lights on)
995,2026-10-04 07:45:48,62,3706,full white (lights on)
1025,2026-10-04 08:00:49,62,3697,full white (lights on)
1055,2026-10-04 08:15:49,61,3695,full white (lights on)
1085,2026-10-04 08:30:49,59,3686,full white (lights on)
1115,2026-10-04 08:45:49,59,3675,full white (lights on)
1145,2026-10-04 09:00:49,57,3663,full white (lights on)
1175,2026-10-04 09:15:49,56,3655,full white (lights on)
1205,2026-10-04 09:30:49,55,3643,full white (lights on)
1235,2026-10-04 09:45:49,54,3627,full white (lights on)
1265,2026-10-04 10:00:50,51,3619,full white (lights on)
1295,2026-10-04 10:15:50,51,3603,full white (lights on)
1325,2026-10-04 10:30:50,50,3588,full white (lights on)
1355,2026-10-04 10:45:50,47,3574,full white (lights on)
1385,2026-10-04 11:00:50,46,3565,full white (lights on)
1415,2026-10-04 11:15:50,44,3556,full white (lights on)
1445,2026-10-04 11:30:50,43,3539,full white (lights on)
1475,2026-10-04 11:45:50,42,3530,full white (lights on)
1505,2026-10-04 12:00:51,41,3522,full white (lights on)
1535,2026-10-04 12:15:54,40,3507,full white (lights on)
1565,2026-10-04 12:30:56,37,3490,full white (lights on)
1595,2026-10-04 12:45:59,37,3480,full white (lights on)
1625,2026-10-04 13:01:01,34,3459,full white (lights on)
1655,2026-10-04 13:16:04,31,3432,full white (lights on)
1685,2026-10-04 13:31:06,28,3406,full white (lights on)
1820,2026-10-04 14:38:49,22,3354,lights off (reserve)
1840,2026-10-04 14:48:52,20,3342,lights off (reserve)
1860,2026-10-04 14:58:54,19,3329,lights off (reserve)
1880,2026-10-04 15:08:57,17,3314,lights off (reserve)
1900,2026-10-04 15:18:59,16,3310,lights off (reserve)
1920,2026-10-04 15:29:01,15,3292,lights off (reserve)
1940,2026-10-04 15:39:04,13,3277,lights off (reserve)
1960,2026-10-04 15:49:06,11,3266,lights off (reserve)
1980,2026-10-04 15:59:09,9,3248,lights off (reserve)
2000,2026-10-04 16:09:11,8,3231,lights off (reserve)
2020,2026-10-04 16:19:14,7,3222,lights off (reserve)
2040,2026-10-04 16:29:16,7,3222,lights off (reserve)
2060,2026-10-04 16:39:18,7,3222,lights off (reserve)
2080,2026-10-04 16:49:21,6,3213,lights off (reserve)
2100,2026-10-04 16:59:23,5,3210,lights off (reserve)
2120,2026-10-04 17:09:26,5,3205,lights off (reserve)
2140,2026-10-04 17:19:28,4,3196,lights off (reserve)
2160,2026-10-04 17:29:30,3,3187,lights off (reserve)
2180,2026-10-04 17:39:33,2,3181,lights off (reserve)
2200,2026-10-04 17:49:35,0,<3161,lights off (reserve)
2220,2026-10-04 17:59:38,0,<3161,lights off (reserve)
2240,2026-10-04 18:09:40,0,<3161,lights off (reserve)
2260,2026-10-04 18:19:42,0,<3161,lights off (reserve)
2280,2026-10-04 18:29:45,0,<3161,lights off (reserve)
