time,vdd_avg,vdd_min,module_pct,rgb_val,module_age_s,on_batt,charging,done,rgb_on,lights_cut,slider_usb,linked
2026-09-28 03:02,4176,4129,4,255,5,1,1,0,1,0,0,1
2026-09-28 03:03,4179,4125,5,255,0,1,1,0,1,0,0,1
2026-09-28 03:04,4183,4137,7,255,0,1,1,0,1,0,0,1
2026-09-28 03:05,4185,4133,12,255,0,1,1,0,1,0,0,1
2026-09-28 03:06,4185,4135,16,255,0,1,1,0,1,0,0,1
2026-09-28 03:07,4186,4125,19,255,0,1,1,0,1,0,0,1
2026-09-28 03:08,4188,4142,22,255,0,1,1,0,1,0,0,1
2026-09-28 03:09,4189,4144,25,255,0,1,1,0,1,0,0,1
2026-09-28 03:10,4189,4144,28,255,0,1,1,0,1,0,0,1
2026-09-28 03:11,4191,4142,30,255,0,1,1,0,1,0,0,1
2026-09-28 03:12,4192,4146,32,255,0,1,1,0,1,0,0,1
2026-09-28 03:13,4192,4146,34,255,0,1,1,0,1,0,0,1
2026-09-28 03:14,4191,4146,36,255,0,1,1,0,1,0,0,1
2026-09-28 03:15,4193,4139,38,255,0,1,1,0,1,0,0,1
2026-09-28 03:16,4192,4142,40,255,0,1,1,0,1,0,0,1
2026-09-28 03:17,4193,4146,41,255,0,1,1,0,1,0,0,1
2026-09-28 03:18,4193,4139,43,255,0,1,1,0,1,0,0,1
2026-09-28 03:19,4193,4150,45,255,0,1,1,0,1,0,0,1
2026-09-28 03:20,4193,4139,46,255,0,1,1,0,1,0,0,1
2026-09-28 03:21,4194,4139,47,255,0,1,1,0,1,0,0,1
2026-09-28 03:22,4193,4139,49,255,0,1,1,0,1,0,0,1
2026-09-28 03:23,4192,4129,50,255,0,1,1,0,1,0,0,1
2026-09-28 03:24,4194,4144,51,255,0,1,1,0,1,0,0,1
2026-09-28 03:25,4193,4139,52,255,0,1,1,0,1,0,0,1
2026-09-28 03:26,4194,4150,53,255,0,1,1,0,1,0,0,1
2026-09-28 03:27,4194,4142,54,255,0,1,1,0,1,0,0,1
2026-09-28 03:28,4193,4146,55,255,0,1,1,0,1,0,0,1
2026-09-28 03:29,4193,4125,56,255,1,1,1,0,1,0,0,1
2026-09-28 03:30,4192,4142,57,255,1,1,1,0,1,0,0,1
2026-09-28 03:31,4193,4139,57,255,1,1,1,0,1,0,0,1
2026-09-28 03:32,4194,4152,58,255,1,1,1,0,1,0,0,1
2026-09-28 03:33,4193,4144,58,255,1,1,1,0,1,0,0,1
2026-09-28 03:34,4193,4137,59,255,1,1,1,0,1,0,0,1
2026-09-28 03:35,4193,4133,59,255,1,1,1,0,1,0,0,1
2026-09-28 03:36,4195,4144,60,255,1,1,1,0,1,0,0,1
2026-09-28 03:37,4193,4144,60,255,1,1,1,0,1,0,0,1
2026-09-28 03:38,4194,4129,61,255,1,1,1,0,1,0,0,1
2026-09-28 03:39,4193,4146,61,255,1,1,1,0,1,0,0,1
2026-09-28 03:40,4194,4144,62,255,1,1,1,0,1,0,0,1
2026-09-28 03:41,4192,4144,62,255,1,1,1,0,1,0,0,1
2026-09-28 03:42,4195,4142,63,255,1,1,1,0,1,0,0,1
2026-09-28 03:43,4195,4146,63,255,1,1,1,0,1,0,0,1
2026-09-28 03:44,4195,4139,64,255,1,1,1,0,1,0,0,1
2026-09-28 03:45,4194,4150,65,255,1,1,1,0,1,0,0,1
2026-09-28 03:46,4194,4146,65,255,1,1,1,0,1,0,0,1
2026-09-28 03:47,4196,4148,65,255,1,1,1,0,1,0,0,1
2026-09-28 03:48,4195,4142,66,255,1,1,1,0,1,0,0,1
2026-09-28 03:49,4194,4144,67,255,1,1,1,0,1,0,0,1
2026-09-28 03:50,4193,4148,67,255,1,1,1,0,1,0,0,1
2026-09-28 03:51,4194,4146,68,255,1,1,1,0,1,0,0,1
2026-09-28 03:52,4193,4146,68,255,1,1,1,0,1,0,0,1
2026-09-28 03:53,4194,4146,69,255,1,1,1,0,1,0,0,1
2026-09-28 03:54,4192,4146,70,255,2,1,1,0,1,0,0,1
2026-09-28 03:55,4193,4146,70,255,2,1,1,0,1,0,0,1
2026-09-28 03:56,4192,4142,71,255,2,1,1,0,1,0,0,1
2026-09-28 03:57,4195,4137,71,255,2,1,1,0,1,0,0,1
2026-09-28 03:58,4194,4144,72,255,2,1,1,0,1,0,0,1
2026-09-28 03:59,4194,4146,73,255,2,1,1,0,1,0,0,1
2026-09-28 04:00,4193,4142,73,255,2,1,1,0,1,0,0,1
2026-09-28 04:01,4193,4129,73,255,2,1,1,0,1,0,0,1
2026-09-28 04:02,4192,4144,74,255,2,1,1,0,1,0,0,1
2026-09-28 04:03,4193,4144,74,255,2,1,1,0,1,0,0,1
2026-09-28 04:04,4194,4144,75,255,2,1,1,0,1,0,0,1
2026-09-28 04:05,4193,4139,75,255,2,1,1,0,1,0,0,1
2026-09-28 04:06,4193,4148,76,255,2,1,1,0,1,0,0,1
2026-09-28 04:07,4193,4146,76,255,2,1,1,0,1,0,0,1
2026-09-28 04:08,4193,4142,77,255,2,1,1,0,1,0,0,1
2026-09-28 04:09,4193,4142,77,255,2,1,1,0,1,0,0,1
2026-09-28 04:10,4193,4139,78,255,2,1,1,0,1,0,0,1
2026-09-28 04:11,4192,4139,78,255,2,1,1,0,1,0,0,1
2026-09-28 04:12,4190,4148,79,255,2,1,1,0,1,0,0,1
2026-09-28 04:13,4193,4144,79,255,2,1,1,0,1,0,0,1
2026-09-28 04:14,4195,4144,79,255,2,1,1,0,1,0,0,1
2026-09-28 04:15,4194,4142,80,255,2,1,1,0,1,0,0,1
2026-09-28 04:16,4194,4148,80,255,2,1,1,0,1,0,0,1
2026-09-28 04:17,4195,4144,80,255,2,1,1,0,1,0,0,1
2026-09-28 04:18,4194,4146,81,255,2,1,1,0,1,0,0,1
2026-09-28 04:19,4193,4142,81,255,3,1,1,0,1,0,0,1
2026-09-28 04:20,4193,4144,81,255,3,1,1,0,1,0,0,1
2026-09-28 04:21,4193,4142,81,255,3,1,1,0,1,0,0,1
2026-09-28 04:22,4194,4142,82,255,3,1,1,0,1,0,0,1
2026-09-28 04:23,4193,4139,82,255,3,1,1,0,1,0,0,1
2026-09-28 04:24,4192,4142,82,255,3,1,1,0,1,0,0,1
2026-09-28 04:25,4193,4148,83,255,3,1,1,0,1,0,0,1
2026-09-28 04:26,4193,4142,83,255,3,1,1,0,1,0,0,1
2026-09-28 04:27,4192,4144,83,255,3,1,1,0,1,0,0,1
2026-09-28 04:28,4192,4146,83,255,3,1,1,0,1,0,0,1
2026-09-28 04:29,4193,4144,84,255,3,1,1,0,1,0,0,1
2026-09-28 04:30,4193,4129,84,255,3,1,1,0,1,0,0,1
2026-09-28 04:31,4194,4139,85,255,3,1,1,0,1,0,0,1
2026-09-28 04:32,4192,4144,84,255,3,1,1,0,1,0,0,1
2026-09-28 04:33,4193,4142,85,255,3,1,1,0,1,0,0,1
2026-09-28 04:34,4192,4139,85,255,3,1,1,0,1,0,0,1
2026-09-28 04:35,4194,4148,85,255,3,1,1,0,1,0,0,1
2026-09-28 04:36,4193,4137,85,255,3,1,1,0,1,0,0,1
2026-09-28 04:37,4193,4142,86,255,3,1,1,0,1,0,0,1
2026-09-28 04:38,4193,4142,86,255,3,1,1,0,1,0,0,1
2026-09-28 04:39,4193,4139,86,255,3,1,1,0,1,0,0,1
2026-09-28 04:40,4193,4150,87,255,3,1,1,0,1,0,0,1
2026-09-28 04:41,4192,4142,87,255,3,1,1,0,1,0,0,1
2026-09-28 04:42,4193,4142,87,255,3,1,1,0,1,0,0,1
2026-09-28 04:43,4194,4137,87,255,3,1,1,0,1,0,0,1
2026-09-28 04:44,4193,4146,87,255,3,1,1,0,1,0,0,1
2026-09-28 04:45,4193,4144,87,255,3,1,1,0,1,0,0,1
2026-09-28 04:46,4191,4139,87,255,3,1,1,0,1,0,0,1
2026-09-28 04:47,4192,4146,88,255,3,1,1,0,1,0,0,1
2026-09-28 04:48,4193,4146,88,255,3,1,1,0,1,0,0,1
2026-09-28 04:49,4193,4142,88,255,3,1,1,0,1,0,0,1
2026-09-28 04:50,4194,4142,88,255,3,1,1,0,1,0,0,1
2026-09-28 04:51,4193,4146,88,255,3,1,1,0,1,0,0,1
2026-09-28 04:52,4192,4144,88,255,3,1,1,0,1,0,0,1
2026-09-28 04:53,4193,4139,88,255,4,1,1,0,1,0,0,1
2026-09-28 04:54,4193,4137,89,255,4,1,1,0,1,0,0,1
2026-09-28 04:55,4192,4137,89,255,4,1,1,0,1,0,0,1
2026-09-28 04:56,4192,4144,89,255,4,1,1,0,1,0,0,1
2026-09-28 04:57,4192,4139,89,255,4,1,1,0,1,0,0,1
2026-09-28 04:58,4194,4146,89,255,4,1,1,0,1,0,0,1
2026-09-28 04:59,4195,4144,89,255,4,1,1,0,1,0,0,1
2026-09-28 05:00,4193,4146,89,255,4,1,1,0,1,0,0,1
2026-09-28 05:01,4193,4144,89,255,4,1,1,0,1,0,0,1
2026-09-28 05:02,4193,4144,90,255,4,1,1,0,1,0,0,1
2026-09-28 05:03,4192,4146,90,255,4,1,1,0,1,0,0,1
2026-09-28 05:04,4193,4144,90,255,4,1,1,0,1,0,0,1
2026-09-28 05:05,4193,4137,90,255,4,1,1,0,1,0,0,1
2026-09-28 05:06,4193,4142,90,255,4,1,1,0,1,0,0,1
2026-09-28 05:07,4192,4146,90,255,4,1,1,0,1,0,0,1
2026-09-28 05:08,4193,4144,90,255,4,1,1,0,1,0,0,1
2026-09-28 05:09,4192,4137,90,255,4,1,1,0,1,0,0,1
2026-09-28 05:10,4193,4146,90,255,4,1,1,0,1,0,0,1
2026-09-28 05:11,4193,4142,90,255,4,1,1,0,1,0,0,1
2026-09-28 05:12,4191,4152,90,255,0,1,1,0,1,0,0,1
2026-09-28 05:13,4193,4144,90,255,0,1,1,0,1,0,0,1
2026-09-28 05:14,4193,4144,91,255,0,1,1,0,1,0,0,1
2026-09-28 05:15,4192,4146,91,255,0,1,1,0,1,0,0,1
2026-09-28 05:16,4193,4146,91,255,0,1,1,0,1,0,0,1
2026-09-28 05:17,4193,4142,91,255,0,1,1,0,1,0,0,1
2026-09-28 05:18,4192,4146,91,255,0,1,1,0,1,0,0,1
2026-09-28 05:19,4193,4144,91,255,0,1,1,0,1,0,0,1
2026-09-28 05:20,4191,4146,91,255,0,1,1,0,1,0,0,1
2026-09-28 05:21,4193,4142,91,255,0,1,1,0,1,0,0,1
2026-09-28 05:22,4192,4146,91,255,0,1,1,0,1,0,0,1
2026-09-28 05:23,4191,4135,91,255,0,1,1,0,1,0,0,1
2026-09-28 05:24,4193,4150,92,255,0,1,1,0,1,0,0,1
2026-09-28 05:25,4193,4144,92,255,0,1,1,0,1,0,0,1
2026-09-28 05:26,4194,4148,92,255,0,1,1,0,1,0,0,1
2026-09-28 05:27,4194,4135,92,255,0,1,1,0,1,0,0,1
2026-09-28 05:28,4193,4146,92,255,0,1,1,0,1,0,0,1
2026-09-28 05:29,4192,4146,92,255,0,1,1,0,1,0,0,1
2026-09-28 05:30,4193,4144,92,255,0,1,1,0,1,0,0,1
2026-09-28 05:31,4193,4129,92,255,0,1,1,0,1,0,0,1
2026-09-28 05:32,4192,4146,92,255,0,1,1,0,1,0,0,1
2026-09-28 05:33,4191,4146,92,255,0,1,1,0,1,0,0,1
2026-09-28 05:34,4194,4139,92,255,0,1,1,0,1,0,0,1
2026-09-28 05:35,4193,4139,92,255,0,1,1,0,1,0,0,1
2026-09-28 05:36,4192,4146,92,255,0,1,1,0,1,0,0,1
2026-09-28 05:37,4192,4144,93,255,0,1,1,0,1,0,0,1
2026-09-28 05:38,4192,4142,93,255,0,1,1,0,1,0,0,1
2026-09-28 05:39,4193,4139,93,255,0,1,1,0,1,0,0,1
2026-09-28 05:40,4191,4137,92,255,0,1,1,0,1,0,0,1
2026-09-28 05:41,4192,4144,93,255,0,1,1,0,1,0,0,1
2026-09-28 05:42,4190,4139,93,255,0,1,1,0,1,0,0,1
2026-09-28 05:43,4194,4144,93,255,0,1,1,0,1,0,0,1
2026-09-28 05:44,4193,4144,93,255,0,1,1,0,1,0,0,1
2026-09-28 05:45,4192,4142,93,255,0,1,1,0,1,0,0,1
2026-09-28 05:46,4192,4144,93,255,1,1,1,0,1,0,0,1
2026-09-28 05:47,4192,4137,93,255,1,1,1,0,1,0,0,1
2026-09-28 05:48,4193,4148,93,255,1,1,1,0,1,0,0,1
2026-09-28 05:49,4192,4142,93,255,1,1,1,0,1,0,0,1
2026-09-28 05:50,4192,4142,93,255,1,1,1,0,1,0,0,1
2026-09-28 05:51,4191,4142,93,255,1,1,1,0,1,0,0,1
2026-09-28 05:52,4192,4142,93,255,1,1,1,0,1,0,0,1
2026-09-28 05:53,4193,4142,93,255,1,1,1,0,1,0,0,1
2026-09-28 05:54,4193,4142,93,255,1,1,1,0,1,0,0,1
2026-09-28 05:55,4192,4139,94,255,1,1,1,0,1,0,0,1
2026-09-28 05:56,4191,4146,94,255,1,1,1,0,1,0,0,1
2026-09-28 05:57,4191,4144,94,255,1,1,1,0,1,0,0,1
2026-09-28 05:58,4192,4139,94,255,1,1,1,0,1,0,0,1
2026-09-28 05:59,4193,4144,94,255,1,1,1,0,1,0,0,1
2026-09-28 06:00,4191,4135,94,255,1,1,1,0,1,0,0,1
2026-09-28 06:01,4192,4146,94,255,1,1,1,0,1,0,0,1
2026-09-28 06:02,4193,4144,94,255,1,1,1,0,1,0,0,1
2026-09-28 06:03,4192,4148,94,255,1,1,1,0,1,0,0,1
2026-09-28 06:04,4192,4144,95,255,1,1,1,0,1,0,0,1
2026-09-28 06:05,4193,4150,94,255,1,1,1,0,1,0,0,1
2026-09-28 06:06,4193,4142,94,255,1,1,1,0,1,0,0,1
2026-09-28 06:07,4192,4144,94,255,1,1,1,0,1,0,0,1
2026-09-28 06:08,4193,4148,94,255,1,1,1,0,1,0,0,1
2026-09-28 06:09,4192,4146,95,255,1,1,1,0,1,0,0,1
2026-09-28 06:10,4192,4131,95,255,1,1,1,0,1,0,0,1
2026-09-28 06:11,4190,4135,95,255,1,1,1,0,1,0,0,1
2026-09-28 06:12,4191,4148,95,255,1,1,1,0,1,0,0,1
2026-09-28 06:13,4191,4148,95,255,1,1,1,0,1,0,0,1
2026-09-28 06:14,4193,4142,95,255,1,1,1,0,1,0,0,1
2026-09-28 06:15,4192,4146,95,255,1,1,1,0,1,0,0,1
2026-09-28 06:16,4193,4142,95,255,2,1,1,0,1,0,0,1
2026-09-28 06:17,4193,4144,95,255,2,1,1,0,1,0,0,1
2026-09-28 06:18,4192,4148,95,255,2,1,1,0,1,0,0,1
2026-09-28 06:19,4193,4137,95,255,2,1,1,0,1,0,0,1
2026-09-28 06:20,4192,4148,95,255,2,1,1,0,1,0,0,1
2026-09-28 06:21,4192,4139,95,255,2,1,1,0,1,0,0,1
2026-09-28 06:22,4194,4129,95,255,2,1,1,0,1,0,0,1
2026-09-28 06:23,4194,4139,95,255,2,1,1,0,1,0,0,1
2026-09-28 06:24,4191,4144,95,255,2,1,1,0,1,0,0,1
2026-09-28 06:25,4191,4144,95,255,2,1,1,0,1,0,0,1
2026-09-28 06:26,4193,4139,95,255,2,1,1,0,1,0,0,1
2026-09-28 06:27,4191,4142,96,255,2,1,1,0,1,0,0,1
2026-09-28 06:28,4192,4144,96,255,2,1,1,0,1,0,0,1
2026-09-28 06:29,4192,4142,96,255,2,1,1,0,1,0,0,1
2026-09-28 06:30,4191,4144,96,255,2,1,1,0,1,0,0,1
2026-09-28 06:31,4191,4139,96,255,2,1,1,0,1,0,0,1
2026-09-28 06:32,4191,4137,96,255,2,1,1,0,1,0,0,1
2026-09-28 06:33,4192,4146,96,255,2,1,1,0,1,0,0,1
2026-09-28 06:34,4193,4142,96,255,2,1,1,0,1,0,0,1
2026-09-28 06:35,4194,4146,96,255,2,1,1,0,1,0,0,1
2026-09-28 06:36,4194,4144,97,255,2,1,1,0,1,0,0,1
2026-09-28 06:37,4193,4142,97,255,2,1,1,0,1,0,0,1
2026-09-28 06:38,4192,4142,97,255,2,1,1,0,1,0,0,1
2026-09-28 06:39,4192,4146,97,255,2,1,1,0,1,0,0,1
2026-09-28 06:40,4192,4139,97,255,3,1,1,0,1,0,0,1
2026-09-28 06:41,4193,4142,97,255,3,1,1,0,1,0,0,1
2026-09-28 06:42,4192,4146,97,255,3,1,1,0,1,0,0,1
2026-09-28 06:43,4192,4142,98,255,3,1,1,0,1,0,0,1
2026-09-28 06:44,4193,4144,97,255,3,1,1,0,1,0,0,1
2026-09-28 06:45,4192,4146,98,255,3,1,1,0,1,0,0,1
2026-09-28 06:46,4192,4148,98,255,3,1,1,0,1,0,0,1
2026-09-28 06:47,4193,4150,98,255,3,1,1,0,1,0,0,1
2026-09-28 06:48,4192,4144,98,255,3,1,1,0,1,0,0,1
2026-09-28 06:49,4193,4139,98,255,3,1,1,0,1,0,0,1
2026-09-28 06:50,4191,4121,98,255,3,1,1,0,1,0,0,1
2026-09-28 06:51,4192,4142,99,255,3,1,1,0,1,0,0,1
2026-09-28 06:52,4191,4142,99,255,3,1,1,0,1,0,0,1
2026-09-28 06:53,4192,4142,99,255,3,1,1,0,1,0,0,1
2026-09-28 06:54,4192,4144,99,255,3,1,1,0,1,0,0,1
2026-09-28 06:55,4192,4142,99,255,3,1,1,0,1,0,0,1
2026-09-28 06:56,4192,4142,99,255,3,1,1,0,1,0,0,1
2026-09-28 06:57,4191,4142,100,255,3,1,1,0,1,0,0,1
2026-09-28 06:58,4192,4148,100,255,3,1,1,0,1,0,0,1
2026-09-28 06:59,4192,4119,100,255,3,1,1,0,1,0,0,1
2026-09-28 07:00,4192,4125,100,255,3,1,1,0,1,0,0,1
2026-09-28 07:01,4191,4135,100,255,3,1,1,0,1,0,0,1
2026-09-28 07:02,4191,4144,100,255,3,1,1,0,1,0,0,1
2026-09-28 07:03,4191,4148,100,255,3,1,1,0,1,0,0,1
2026-09-28 07:04,4192,4137,100,255,3,1,1,0,1,0,0,1
2026-09-28 07:05,4191,4142,100,255,3,1,1,0,1,0,0,1
2026-09-28 07:06,4195,4144,100,255,3,1,1,0,1,0,0,1
2026-09-28 07:07,4194,4144,100,255,3,1,1,0,1,0,0,1
2026-09-28 07:08,4195,4148,100,255,3,1,1,0,1,0,0,1
2026-09-28 07:09,4196,4148,100,255,3,1,1,0,1,0,0,1
2026-09-28 07:10,4197,4150,100,255,3,1,1,0,1,0,0,1
2026-09-28 07:11,4197,4152,100,255,3,1,1,0,1,0,0,1
2026-09-28 07:12,4197,4152,100,255,4,1,1,0,1,0,0,1
2026-09-28 07:13,4198,4146,100,255,4,1,1,0,1,0,0,1
2026-09-28 07:14,4199,4148,100,255,4,1,1,0,1,0,0,1
2026-09-28 07:15,4209,4150,100,255,4,1,1,0,1,0,0,1
2026-09-28 07:16,4222,4169,100,255,4,1,1,0,1,0,0,1
2026-09-28 07:17,4223,4171,100,255,4,1,1,0,1,0,0,1
2026-09-28 07:18,4223,4177,100,255,4,1,1,0,1,0,0,1
2026-09-28 07:19,4223,4173,100,255,4,1,1,0,1,0,0,1
2026-09-28 07:20,4224,4173,100,255,4,1,1,0,1,0,0,1
2026-09-28 07:21,4225,4171,100,255,4,1,1,0,1,0,0,1
2026-09-28 07:22,4224,4180,100,255,4,1,1,0,1,0,0,1
2026-09-28 07:23,4225,4180,100,255,4,1,1,0,1,0,0,1
2026-09-28 07:24,4227,4184,100,255,4,1,1,0,1,0,0,1
2026-09-28 07:25,4228,4180,100,255,4,1,1,0,1,0,0,1
2026-09-28 07:26,4230,4175,100,255,4,1,1,0,1,0,0,1
2026-09-28 07:27,4229,4177,100,255,4,1,1,0,1,0,0,1
2026-09-28 07:28,4231,4182,100,255,4,1,1,0,1,0,0,1
2026-09-28 07:29,4232,4184,100,255,4,1,1,0,1,0,0,1
2026-09-28 07:30,4233,4177,100,255,4,1,1,0,1,0,0,1
2026-09-28 07:31,4230,4186,100,255,4,1,1,0,1,0,0,1
2026-09-28 07:32,4232,4184,100,255,4,1,1,0,1,0,0,1
2026-09-28 07:33,4232,4177,100,255,4,1,1,0,1,0,0,1
2026-09-28 07:34,4233,4188,100,255,4,1,1,0,1,0,0,1
2026-09-28 07:35,4233,4186,100,255,4,1,1,0,1,0,0,1
2026-09-28 07:36,4232,4184,100,255,4,1,1,0,1,0,0,1
2026-09-28 07:37,4235,4180,100,255,4,1,1,0,1,0,0,1
2026-09-28 07:38,4236,4182,100,255,4,1,1,0,1,0,0,1
2026-09-28 07:39,4235,4184,100,255,0,1,1,0,1,0,0,1
2026-09-28 07:40,4235,4186,100,255,0,1,1,0,1,0,0,1
2026-09-28 07:41,4237,4180,100,255,0,1,1,0,1,0,0,1
2026-09-28 07:42,4237,4190,100,255,0,1,1,0,1,0,0,1
2026-09-28 07:43,4238,4175,100,255,0,1,1,0,1,0,0,1
2026-09-28 07:44,4237,4186,100,255,0,1,1,0,1,0,0,1
2026-09-28 07:45,4238,4188,100,255,0,1,1,0,1,0,0,1
2026-09-28 07:46,4237,4186,100,255,0,1,1,0,1,0,0,1
2026-09-28 07:47,4239,4190,100,255,0,1,1,0,1,0,0,1
2026-09-28 07:48,4239,4184,100,255,0,1,1,0,1,0,0,1
2026-09-28 07:49,4238,4188,100,255,0,1,1,0,1,0,0,1
2026-09-28 07:50,4239,4190,100,255,0,1,1,0,1,0,0,1
2026-09-28 07:51,4239,4184,100,255,0,1,1,0,1,0,0,1
2026-09-28 07:52,4240,4188,100,255,0,1,1,0,1,0,0,1
2026-09-28 07:53,4241,4186,100,255,0,1,1,0,1,0,0,1
2026-09-28 07:54,4241,4195,100,255,0,1,1,0,1,0,0,1
2026-09-28 07:55,4240,4190,100,255,0,1,1,0,1,0,0,1
2026-09-28 07:56,4239,4188,100,255,0,1,1,0,1,0,0,1
2026-09-28 07:57,4240,4188,100,255,0,1,1,0,1,0,0,1
2026-09-28 07:58,4241,4186,100,255,0,1,1,0,1,0,0,1
2026-09-28 07:59,4241,4190,100,255,0,1,1,0,1,0,0,1
2026-09-28 08:00,4241,4190,100,255,0,1,1,0,1,0,0,1
2026-09-28 08:01,4242,4192,100,255,0,1,1,0,1,0,0,1
2026-09-28 08:02,4242,4188,100,255,0,1,1,0,1,0,0,1
2026-09-28 08:03,4242,4197,100,255,0,1,1,0,1,0,0,1
2026-09-28 08:04,4242,4197,100,255,0,1,1,0,1,0,0,1
2026-09-28 08:05,4243,4190,100,255,0,1,1,0,1,0,0,1
2026-09-28 08:06,4243,4195,100,255,0,1,1,0,1,0,0,1
2026-09-28 08:07,4242,4188,100,255,0,1,1,0,1,0,0,1
2026-09-28 08:08,4244,4197,100,255,0,1,1,0,1,0,0,1
2026-09-28 08:09,4242,4186,100,255,0,1,1,0,1,0,0,1
2026-09-28 08:10,4241,4190,100,255,1,1,1,0,1,0,0,1
2026-09-28 08:11,4242,4197,100,255,1,1,1,0,1,0,0,1
2026-09-28 08:12,4244,4197,100,255,1,1,1,0,1,0,0,1
2026-09-28 08:13,4241,4190,100,255,1,1,1,0,1,0,0,1
2026-09-28 08:14,4243,4197,100,255,1,1,1,0,1,0,0,1
2026-09-28 08:15,4243,4197,100,255,1,1,1,0,1,0,0,1
2026-09-28 08:16,4243,4195,100,255,1,1,1,0,1,0,0,1
2026-09-28 08:17,4245,4192,100,255,1,1,1,0,1,0,0,1
2026-09-28 08:18,4244,4188,100,255,1,1,1,0,1,0,0,1
2026-09-28 08:19,4244,4197,100,255,1,1,1,0,1,0,0,1
# 452 entries (log v1), newest 48 s ago
2026-09-28 08:20,4243,4190,100,255,1,1,1,0,1,0,0,1
2026-09-28 08:21,4243,4195,100,255,1,1,1,0,1,0,0,1
2026-09-28 08:22,4244,4197,100,255,1,1,1,0,1,0,0,1
2026-09-28 08:23,4244,4197,100,255,1,1,1,0,1,0,0,1
2026-09-28 08:24,4243,4197,100,255,1,1,1,0,1,0,0,1
2026-09-28 08:25,4245,4188,100,255,1,1,1,0,1,0,0,1
2026-09-28 08:26,4242,4201,100,255,1,1,1,0,1,0,0,1
2026-09-28 08:27,4245,4192,100,255,1,1,1,0,1,0,0,1
2026-09-28 08:28,4245,4197,100,255,1,1,1,0,1,0,0,1
2026-09-28 08:29,4244,4180,100,255,1,1,1,0,1,0,0,1
2026-09-28 08:30,4243,4197,100,255,1,1,1,0,1,0,0,1
2026-09-28 08:31,4243,4190,100,255,1,1,1,0,1,0,0,1
2026-09-28 08:32,4244,4195,100,255,1,1,1,0,1,0,0,1
2026-09-28 08:33,4245,4184,100,255,1,1,1,0,1,0,0,1
2026-09-28 08:34,4244,4197,100,255,1,1,1,0,1,0,0,1
2026-09-28 08:35,4244,4197,100,255,1,1,1,0,1,0,0,1
2026-09-28 08:36,4244,4195,100,255,1,1,1,0,1,0,0,1
2026-09-28 08:37,4244,4199,100,255,1,1,1,0,1,0,0,1
2026-09-28 08:38,4245,4199,100,255,2,1,1,0,1,0,0,1
2026-09-28 08:39,4245,4192,100,255,2,1,1,0,1,0,0,1
2026-09-28 08:40,4245,4197,100,255,2,1,1,0,1,0,0,1
2026-09-28 08:41,4245,4188,100,255,2,1,1,0,1,0,0,1
2026-09-28 08:42,4243,4197,100,255,2,1,1,0,1,0,0,1
2026-09-28 08:43,4244,4195,100,255,2,1,1,0,1,0,0,1
2026-09-28 08:44,4245,4197,100,255,2,1,1,0,1,0,0,1
2026-09-28 08:45,4246,4197,100,255,2,1,1,0,1,0,0,1
2026-09-28 08:46,4246,4203,100,255,2,1,1,0,1,0,0,1
2026-09-28 08:47,4244,4195,100,255,2,1,1,0,1,0,0,1
2026-09-28 08:48,4245,4195,100,255,2,1,1,0,1,0,0,1
2026-09-28 08:49,4246,4197,100,255,2,1,1,0,1,0,0,1
2026-09-28 08:50,4245,4192,100,255,2,1,1,0,1,0,0,1
2026-09-28 08:51,4245,4197,100,255,2,1,1,0,1,0,0,1
2026-09-28 08:52,4247,4195,100,255,2,1,1,0,1,0,0,1
2026-09-28 08:53,4245,4203,100,255,2,1,1,0,1,0,0,1
2026-09-28 08:54,4245,4197,100,255,2,1,1,0,1,0,0,1
2026-09-28 08:55,4245,4199,100,255,2,1,1,0,1,0,0,1
2026-09-28 08:56,4244,4195,100,255,2,1,1,0,1,0,0,1
2026-09-28 08:57,4246,4199,100,255,2,1,1,0,1,0,0,1
2026-09-28 08:58,4245,4195,100,255,2,1,1,0,1,0,0,1
2026-09-28 08:59,4245,4199,100,255,2,1,1,0,1,0,0,1
2026-09-28 09:00,4247,4201,100,255,2,1,1,0,1,0,0,1
2026-09-28 09:01,4248,4199,100,255,2,1,1,0,1,0,0,1
2026-09-28 09:02,4246,4197,100,255,2,1,1,0,1,0,0,1
2026-09-28 09:03,4245,4197,100,255,2,1,1,0,1,0,0,1
2026-09-28 09:04,4246,4197,100,255,2,1,1,0,1,0,0,1
2026-09-28 09:05,4246,4199,100,255,2,1,1,0,1,0,0,1
2026-09-28 09:06,4248,4197,100,255,3,1,1,0,1,0,0,1
2026-09-28 09:07,4247,4192,100,255,3,1,1,0,1,0,0,1
2026-09-28 09:08,4246,4197,100,255,3,1,1,0,1,0,0,1
2026-09-28 09:09,4246,4192,100,255,3,1,1,0,1,0,0,1
2026-09-28 09:10,4246,4199,100,255,3,1,1,0,1,0,0,1
2026-09-28 09:11,4248,4197,100,255,3,1,1,0,1,0,0,1
2026-09-28 09:12,4246,4201,100,255,3,1,1,0,1,0,0,1
2026-09-28 09:13,4249,4199,100,255,3,1,1,0,1,0,0,1
2026-09-28 09:14,4246,4180,100,255,3,1,1,0,1,0,0,1
2026-09-28 09:15,4249,4197,100,255,3,1,1,0,1,0,0,1
2026-09-28 09:16,4248,4197,100,255,3,1,1,0,1,0,0,1
2026-09-28 09:17,4249,4199,100,255,3,1,1,0,1,0,0,1
2026-09-28 09:18,4248,4197,100,255,3,1,1,0,1,0,0,1
2026-09-28 09:19,4248,4197,100,255,3,1,1,0,1,0,0,1
2026-09-28 09:20,4248,4199,100,255,3,1,1,0,1,0,0,1
2026-09-28 09:21,4247,4201,100,255,3,1,1,0,1,0,0,1
2026-09-28 09:22,4247,4192,100,255,3,1,1,0,1,0,0,1
2026-09-28 09:23,4248,4197,100,255,3,1,1,0,1,0,0,1
2026-09-28 09:24,4249,4186,100,255,3,1,1,0,1,0,0,1
2026-09-28 09:25,4251,4205,100,255,3,1,1,0,1,0,0,1
2026-09-28 09:26,4250,4199,100,255,3,1,1,0,1,0,0,1
2026-09-28 09:27,4251,4199,100,255,3,1,1,0,1,0,0,1
2026-09-28 09:28,4251,4199,100,255,3,1,1,0,1,0,0,1
2026-09-28 09:29,4249,4192,100,255,3,1,1,0,1,0,0,1
2026-09-28 09:30,4251,4199,100,255,3,1,1,0,1,0,0,1
2026-09-28 09:31,4250,4201,100,255,3,1,1,0,1,0,0,1
2026-09-28 09:32,4252,4203,100,255,3,1,1,0,1,0,0,1
2026-09-28 09:33,4253,4203,100,255,3,1,1,0,1,0,0,1
2026-09-28 09:34,4252,4201,100,255,3,1,1,0,1,0,0,1
2026-09-28 09:35,4252,4199,100,255,3,1,1,0,1,0,0,1
2026-09-28 09:36,4253,4201,100,255,4,1,1,0,1,0,0,1
2026-09-28 09:37,4251,4201,100,255,4,1,1,0,1,0,0,1
2026-09-28 09:38,4252,4201,100,255,4,1,1,0,1,0,0,1
2026-09-28 09:39,4252,4192,100,255,4,1,1,0,1,0,0,1
2026-09-28 09:40,4253,4197,100,255,4,1,1,0,1,0,0,1
2026-09-28 09:41,4253,4197,100,255,4,1,1,0,1,0,0,1
2026-09-28 09:42,4255,4203,100,255,4,1,1,0,1,0,0,1
2026-09-28 09:43,4255,4205,100,255,4,1,1,0,1,0,0,1
2026-09-28 09:44,4255,4199,100,255,4,1,1,0,1,0,0,1
2026-09-28 09:45,4256,4210,100,255,4,1,1,0,1,0,0,1
2026-09-28 09:46,4256,4203,100,255,4,1,1,0,1,0,0,1
2026-09-28 09:47,4256,4205,100,255,4,1,1,0,1,0,0,1
2026-09-28 09:48,4254,4203,100,255,4,1,1,0,1,0,0,1
2026-09-28 09:49,4256,4205,100,255,4,1,1,0,1,0,0,1
2026-09-28 09:50,4254,4197,100,255,4,1,1,0,1,0,0,1
2026-09-28 09:51,4255,4203,100,255,4,1,1,0,1,0,0,1
2026-09-28 09:52,4256,4207,100,255,4,1,1,0,1,0,0,1
2026-09-28 09:53,4257,4180,100,255,4,1,1,0,1,0,0,1
2026-09-28 09:54,4257,4210,100,255,4,1,1,0,1,0,0,1
2026-09-28 09:55,4257,4210,100,255,4,1,1,0,1,0,0,1
2026-09-28 09:56,4255,4195,100,255,4,1,1,0,1,0,0,1
2026-09-28 09:57,4258,4207,100,255,4,1,1,0,1,0,0,1
2026-09-28 09:58,4257,4203,100,255,4,1,1,0,1,0,0,1
2026-09-28 09:59,4257,4207,100,255,4,1,1,0,1,0,0,1
2026-09-28 10:00,4259,4207,100,255,4,1,1,0,1,0,0,1
2026-09-28 10:01,4260,4212,100,255,4,1,1,0,1,0,0,1
2026-09-28 10:02,4259,4205,100,255,4,1,1,0,1,0,0,1
2026-09-28 10:03,4260,4207,100,255,4,1,1,0,1,0,0,1
2026-09-28 10:04,4261,4212,100,255,4,1,1,0,1,0,0,1
2026-09-28 10:05,4259,4210,100,255,4,1,1,0,1,0,0,1
2026-09-28 10:06,4259,4207,100,255,0,1,1,0,1,0,0,1
2026-09-28 10:07,4259,4207,100,255,0,1,1,0,1,0,0,1
2026-09-28 10:08,4260,4212,100,255,0,1,1,0,1,0,0,1
2026-09-28 10:09,4260,4214,100,255,0,1,1,0,1,0,0,1
2026-09-28 10:10,4260,4205,100,255,0,1,1,0,1,0,0,1
2026-09-28 10:11,4260,4212,100,255,0,1,1,0,1,0,0,1
2026-09-28 10:12,4261,4214,100,255,0,1,1,0,1,0,0,1
2026-09-28 10:13,4263,4214,100,255,0,1,1,0,1,0,0,1
2026-09-28 10:14,4262,4212,100,255,0,1,1,0,1,0,0,1
2026-09-28 10:15,4262,4210,100,255,0,1,1,0,1,0,0,1
2026-09-28 10:16,4263,4214,100,255,0,1,1,0,1,0,0,1
2026-09-28 10:17,4264,4212,100,255,0,1,1,0,1,0,0,1
2026-09-28 10:18,4264,4214,100,255,0,1,1,0,1,0,0,1
2026-09-28 10:19,4264,4205,100,255,0,1,1,0,1,0,0,1
2026-09-28 10:20,4265,4216,100,255,0,1,1,0,1,0,0,1
2026-09-28 10:21,4264,4214,100,255,0,1,1,0,1,0,0,1
2026-09-28 10:22,4265,4197,100,255,0,1,1,0,1,0,0,1
2026-09-28 10:23,4264,4221,100,255,0,1,1,0,1,0,0,1
2026-09-28 10:24,4265,4197,100,255,0,1,1,0,1,0,0,1
2026-09-28 10:25,4266,4221,100,255,0,1,1,0,1,0,0,1
2026-09-28 10:26,4265,4212,100,255,0,1,1,0,1,0,0,1
2026-09-28 10:27,4267,4216,100,255,0,1,1,0,1,0,0,1
2026-09-28 10:28,4267,4218,100,255,0,1,1,0,1,0,0,1
2026-09-28 10:29,4267,4221,100,255,0,1,1,0,1,0,0,1
2026-09-28 10:30,4268,4197,100,255,0,1,1,0,1,0,0,1
2026-09-28 10:31,4267,4223,100,255,0,1,1,0,1,0,0,1
2026-09-28 10:32,4268,4221,100,255,0,1,1,0,1,0,0,1
2026-09-28 10:33,4268,4214,100,255,0,1,1,0,1,0,0,1
