iso,pid,started,uptime_s,footprint_kb,rss_kb,threads,smtc_polls,clock_syncs,cpu_s
2026-09-18T14:20:01,3863,2026-09-18 14:19:51,10,2849,7968,,4,1,0.0
2026-09-18T14:25:01,3863,2026-09-18 14:19:51,310,3041,8192,,101,2,0.0
2026-09-18T14:30:01,3863,2026-09-18 14:19:51,610,3057,8208,,197,3,0.0
2026-09-18T14:35:01,3863,2026-09-18 14:19:51,910,3073,8224,,295,4,0.0
2026-09-18T14:40:01,3863,2026-09-18 14:19:51,1210,3073,7232,,393,5,0.0
2026-09-18T14:45:01,3863,2026-09-18 14:19:51,1510,3073,7232,,491,6,0.0
2026-09-18T14:50:01,3863,2026-09-18 14:19:51,1810,3073,7232,,589,6,0.1
2026-09-18T14:55:01,3863,2026-09-18 14:19:51,2110,3089,7248,,687,7,0.1
2026-09-18T15:00:02,3863,2026-09-18 14:19:51,2411,3089,7248,,784,8,0.1
2026-09-18T15:05:02,3863,2026-09-18 14:19:51,2711,3089,7248,,883,9,0.1
2026-09-18T15:10:02,3863,2026-09-18 14:19:51,3011,3089,7248,,980,10,0.1
2026-09-18T15:15:02,3863,2026-09-18 14:19:51,3311,3089,7152,,1078,11,0.1
2026-09-18T15:20:02,3863,2026-09-18 14:19:51,3611,3089,7136,,1177,12,0.1
2026-09-18T15:25:02,3863,2026-09-18 14:19:51,3911,3089,7136,,1274,13,0.1
2026-09-18T15:30:02,3863,2026-09-18 14:19:51,4211,3089,7152,,1372,14,0.1
2026-09-18T15:35:02,3863,2026-09-18 14:19:51,4511,3089,7152,,1470,15,0.1
2026-09-18T15:40:02,3863,2026-09-18 14:19:51,4811,3089,7152,,1567,16,0.2
2026-09-18T15:45:03,3863,2026-09-18 14:19:51,5112,3089,7152,,1664,17,0.2
2026-09-18T15:50:03,3863,2026-09-18 14:19:51,5412,3089,7152,,1760,18,0.2
2026-09-18T15:55:03,3863,2026-09-18 14:19:51,5712,3089,7152,,1856,19,0.2
2026-09-18T16:00:03,3863,2026-09-18 14:19:51,6012,3089,7152,,1953,20,0.2
2026-09-18T16:05:03,3863,2026-09-18 14:19:51,6312,3089,7152,,2050,21,0.2
2026-09-18T16:10:03,3863,2026-09-18 14:19:51,6612,3089,7024,,2148,22,0.2
2026-09-18T16:15:03,3863,2026-09-18 14:19:51,6912,3089,7072,,2245,23,0.2
2026-09-18T16:20:03,3863,2026-09-18 14:19:51,7212,3089,7056,,2342,24,0.2
2026-09-18T16:25:03,3863,2026-09-18 14:19:51,7512,3089,7040,,2437,25,0.2
2026-09-18T16:30:04,3863,2026-09-18 14:19:51,7813,3089,7040,,2533,26,0.3
2026-09-18T16:35:04,3863,2026-09-18 14:19:51,8113,3137,7104,,2630,27,0.3
2026-09-18T16:40:04,3863,2026-09-18 14:19:51,8413,3153,7184,,2729,28,0.3
2026-09-18T16:45:04,3863,2026-09-18 14:19:51,8713,3153,7184,,2826,29,0.3
2026-09-18T16:50:04,3863,2026-09-18 14:19:51,9013,3169,7040,,2924,30,0.3
2026-09-18T16:55:04,3863,2026-09-18 14:19:51,9313,3169,7024,,3022,31,0.3
2026-09-18T17:00:04,3863,2026-09-18 14:19:51,9613,3169,6944,,3120,32,0.3
2026-09-18T17:05:04,3863,2026-09-18 14:19:51,9913,3169,6960,,3218,33,0.3
2026-09-18T17:10:05,3863,2026-09-18 14:19:51,10214,3169,6976,,3316,34,0.3
2026-09-18T17:15:05,3863,2026-09-18 14:19:51,10514,3169,6976,,3414,35,0.3
2026-09-18T17:20:05,3863,2026-09-18 14:19:51,10814,3169,6992,,3511,36,0.4
2026-09-18T17:25:05,3863,2026-09-18 14:19:51,11114,3169,6960,,3610,37,0.4
2026-09-18T17:30:05,3863,2026-09-18 14:19:51,11414,3169,6960,,3707,38,0.4
2026-09-18T17:35:05,3863,2026-09-18 14:19:51,11714,3169,6944,,3803,39,0.4
2026-09-18T17:40:05,3863,2026-09-18 14:19:51,12014,3169,6976,,3900,40,0.4
2026-09-18T17:45:05,3863,2026-09-18 14:19:51,12314,3169,6976,,3995,41,0.4
2026-09-18T17:50:06,3863,2026-09-18 14:19:51,12615,3169,6976,,4090,42,0.4
2026-09-18T17:55:06,3863,2026-09-18 14:19:51,12915,3169,6976,,4187,43,0.4
2026-09-18T18:00:06,3863,2026-09-18 14:19:51,13215,3169,6976,,4282,44,0.4
2026-09-18T18:05:06,3863,2026-09-18 14:19:51,13515,3169,6976,,4378,45,0.5
2026-09-18T18:10:06,3863,2026-09-18 14:19:51,13815,3169,6976,,4473,46,0.5
2026-09-18T18:15:06,3863,2026-09-18 14:19:51,14115,3169,6960,,4569,47,0.5
2026-09-18T18:20:06,3863,2026-09-18 14:19:51,14415,3169,6976,,4665,48,0.5
2026-09-18T18:25:06,3863,2026-09-18 14:19:51,14715,3169,6912,,4761,49,0.5
2026-09-18T18:30:07,3863,2026-09-18 14:19:51,15016,3169,6912,,4859,50,0.5
2026-09-18T18:35:07,3863,2026-09-18 14:19:51,15316,3169,6928,,4957,51,0.5
2026-09-18T18:40:07,3863,2026-09-18 14:19:51,15616,3169,6928,,5054,52,0.5
2026-09-18T18:45:07,3863,2026-09-18 14:19:51,15916,3169,6928,,5149,53,0.5
2026-09-18T18:50:07,3863,2026-09-18 14:19:51,16216,3169,6944,,5245,54,0.6
2026-09-18T18:55:07,3863,2026-09-18 14:19:51,16516,3169,6928,,5342,55,0.6
2026-09-18T19:00:07,3863,2026-09-18 14:19:51,16816,3169,6944,,5440,56,0.6
2026-09-18T19:05:07,3863,2026-09-18 14:19:51,17116,3169,6912,,5537,57,0.6
2026-09-18T19:10:07,3863,2026-09-18 14:19:51,17416,3169,6944,,5634,58,0.6
2026-09-18T19:15:08,3863,2026-09-18 14:19:51,17717,3169,6928,,5729,59,0.6
2026-09-18T19:20:08,3863,2026-09-18 14:19:51,18017,3169,6928,,5825,60,0.6
2026-09-18T19:25:08,3863,2026-09-18 14:19:51,18317,3169,6944,,5921,61,0.6
2026-09-18T19:30:08,3863,2026-09-18 14:19:51,18617,3169,6928,,6016,62,0.6
2026-09-18T19:35:08,3863,2026-09-18 14:19:51,18917,3169,6944,,6112,63,0.7
2026-09-18T19:40:08,3863,2026-09-18 14:19:51,19217,3169,6928,,6208,64,0.7
2026-09-18T19:45:08,3863,2026-09-18 14:19:51,19517,3169,6928,,6304,65,0.7
2026-09-18T19:50:08,3863,2026-09-18 14:19:51,19817,3169,6928,,6399,66,0.7
2026-09-18T19:55:09,3863,2026-09-18 14:19:51,20118,3169,6928,,6495,67,0.7
2026-09-18T20:00:09,3863,2026-09-18 14:19:51,20418,3169,6928,,6591,68,0.7
2026-09-18T20:05:09,3863,2026-09-18 14:19:51,20718,3169,6928,,6686,69,0.7
2026-09-18T20:10:09,3863,2026-09-18 14:19:51,21018,3169,6928,,6781,70,0.7
2026-09-18T20:15:09,3863,2026-09-18 14:19:51,21318,3169,6928,,6878,71,0.8
2026-09-18T20:20:09,3863,2026-09-18 14:19:51,21618,3169,6928,,6973,72,0.8
2026-09-18T20:25:09,3863,2026-09-18 14:19:51,21918,3169,6880,,7070,73,0.8
2026-09-18T20:30:10,3863,2026-09-18 14:19:51,22219,3169,6880,,7169,74,0.8
2026-09-18T20:35:10,3863,2026-09-18 14:19:51,22519,3169,6928,,7266,75,0.8
2026-09-18T20:40:10,3863,2026-09-18 14:19:51,22819,3169,6864,,7363,76,0.8
2026-09-18T20:45:10,3863,2026-09-18 14:19:51,23119,3169,6864,,7459,77,0.8
2026-09-18T20:50:10,3863,2026-09-18 14:19:51,23419,3169,6880,,7557,78,0.8
2026-09-18T20:55:10,3863,2026-09-18 14:19:51,23719,3169,6912,,7655,79,0.8
2026-09-18T21:00:10,3863,2026-09-18 14:19:51,24019,3169,6912,,7752,80,0.9
2026-09-18T21:05:10,3863,2026-09-18 14:19:51,24319,3169,6912,,7849,81,0.9
2026-09-18T21:10:11,3863,2026-09-18 14:19:51,24620,3169,6880,,7945,82,0.9
2026-09-18T21:15:11,3863,2026-09-18 14:19:51,24920,3169,6880,,8040,83,0.9
2026-09-18T21:20:11,3863,2026-09-18 14:19:51,25220,3169,6864,,8136,84,0.9
2026-09-18T21:25:11,3863,2026-09-18 14:19:51,25520,3169,6912,,8234,85,0.9
2026-09-18T21:30:11,3863,2026-09-18 14:19:51,25820,3281,7680,,8332,86,0.9
2026-09-18T21:35:11,3863,2026-09-18 14:19:51,26120,3281,7680,,8429,87,0.9
2026-09-18T21:40:11,3863,2026-09-18 14:19:51,26420,3281,7184,,8527,88,0.9
2026-09-18T21:45:11,3863,2026-09-18 14:19:51,26720,3281,7216,,8625,89,0.9
2026-09-18T21:50:11,3863,2026-09-18 14:19:51,27020,3281,7184,,8722,90,1.0
2026-09-18T21:55:12,3863,2026-09-18 14:19:51,27321,3281,7200,,8821,91,1.0
2026-09-18T22:00:12,3863,2026-09-18 14:19:51,27621,3281,7200,,8918,92,1.0
2026-09-18T22:05:12,3863,2026-09-18 14:19:51,27921,3281,7200,,9016,93,1.0
2026-09-18T22:10:12,3863,2026-09-18 14:19:51,28221,3281,7200,,9114,94,1.0
2026-09-18T22:15:12,3863,2026-09-18 14:19:51,28521,3281,7200,,9212,95,1.0
2026-09-18T22:20:12,3863,2026-09-18 14:19:51,28821,3281,7200,,9310,96,1.0
2026-09-18T22:25:12,3863,2026-09-18 14:19:51,29121,3281,7200,,9408,97,1.0
2026-09-18T22:30:12,3863,2026-09-18 14:19:51,29421,3281,7200,,9505,98,1.0
2026-09-18T22:35:12,3863,2026-09-18 14:19:51,29721,3281,7200,,9600,99,1.1
2026-09-18T22:40:13,3863,2026-09-18 14:19:51,30022,3281,7200,,9696,100,1.1
2026-09-18T22:45:13,3863,2026-09-18 14:19:51,30322,3281,7200,,9791,101,1.1
2026-09-18T22:50:13,3863,2026-09-18 14:19:51,30622,3281,7200,,9887,102,1.1
2026-09-18T22:55:13,3863,2026-09-18 14:19:51,30922,3281,7184,,9984,103,1.1
2026-09-18T23:00:13,3863,2026-09-18 14:19:51,31222,3281,7184,,10082,104,1.1
2026-09-18T23:05:13,3863,2026-09-18 14:19:51,31522,3281,7184,,10179,105,1.1
2026-09-18T23:10:13,3863,2026-09-18 14:19:51,31822,3281,7200,,10278,106,1.1
2026-09-18T23:15:13,3863,2026-09-18 14:19:51,32122,3281,7200,,10376,107,1.1
2026-09-18T23:20:13,3863,2026-09-18 14:19:51,32422,3281,7184,,10473,108,1.2
2026-09-18T23:25:14,3863,2026-09-18 14:19:51,32723,3281,7184,,10572,109,1.2
2026-09-18T23:30:14,3863,2026-09-18 14:19:51,33023,3281,7184,,10670,110,1.2
2026-09-18T23:35:14,3863,2026-09-18 14:19:51,33323,3281,7184,,10768,111,1.2
2026-09-18T23:40:14,3863,2026-09-18 14:19:51,33623,3281,7184,,10866,112,1.2
2026-09-18T23:45:14,3863,2026-09-18 14:19:51,33923,3281,7184,,10963,113,1.2
2026-09-18T23:50:14,3863,2026-09-18 14:19:51,34223,3281,7200,,11060,114,1.2
2026-09-18T23:55:14,3863,2026-09-18 14:19:51,34523,3281,7200,,11158,115,1.2
2026-09-19T00:00:14,3863,2026-09-18 14:19:51,34823,3281,7152,,11254,116,1.3
2026-09-19T00:05:14,3863,2026-09-18 14:19:51,35123,3281,7168,,11350,117,1.3
2026-09-19T00:10:15,3863,2026-09-18 14:19:51,35424,3281,7168,,11446,118,1.3
2026-09-19T00:15:15,3863,2026-09-18 14:19:51,35724,3281,7168,,11541,119,1.3
2026-09-19T00:20:15,3863,2026-09-18 14:19:51,36024,3281,7168,,11637,120,1.3
2026-09-19T00:25:15,3863,2026-09-18 14:19:51,36324,3281,7168,,11733,121,1.3
2026-09-19T00:30:15,3863,2026-09-18 14:19:51,36624,3281,7152,,11829,122,1.3
2026-09-19T00:35:15,3863,2026-09-18 14:19:51,36924,3281,7152,,11924,123,1.3
2026-09-19T00:40:15,3863,2026-09-18 14:19:51,37224,3281,7168,,12021,124,1.4
2026-09-19T00:45:15,3863,2026-09-18 14:19:51,37524,3281,7168,,12116,125,1.4
2026-09-19T00:50:16,3863,2026-09-18 14:19:51,37825,3281,7168,,12211,126,1.4
2026-09-19T00:55:16,3863,2026-09-18 14:19:51,38125,3281,7168,,12308,127,1.4
2026-09-19T01:00:16,3863,2026-09-18 14:19:51,38425,3281,7168,,12403,128,1.4
2026-09-19T01:05:16,3863,2026-09-18 14:19:51,38725,3281,7168,,12499,129,1.4
2026-09-19T01:10:16,3863,2026-09-18 14:19:51,39025,3281,7168,,12594,130,1.4
2026-09-19T01:15:16,3863,2026-09-18 14:19:51,39325,3281,7168,,12691,131,1.4
2026-09-19T01:20:16,3863,2026-09-18 14:19:51,39625,3281,7168,,12787,132,1.4
2026-09-19T01:25:16,3863,2026-09-18 14:19:51,39925,3281,7168,,12882,133,1.5
2026-09-19T01:30:16,3863,2026-09-18 14:19:51,40225,3281,7168,,12978,134,1.5
2026-09-19T01:35:17,3863,2026-09-18 14:19:51,40526,3281,7168,,13073,135,1.5
2026-09-19T01:40:17,3863,2026-09-18 14:19:51,40826,3281,7168,,13169,136,1.5
2026-09-19T01:45:17,3863,2026-09-18 14:19:51,41126,3281,7168,,13265,137,1.5
2026-09-19T01:50:17,3863,2026-09-18 14:19:51,41426,3281,7168,,13360,138,1.5
2026-09-19T01:55:17,3863,2026-09-18 14:19:51,41726,3281,7168,,13457,139,1.5
2026-09-19T02:00:17,3863,2026-09-18 14:19:51,42026,3281,7168,,13552,140,1.5
2026-09-19T02:05:17,3863,2026-09-18 14:19:51,42326,3281,7168,,13648,141,1.5
2026-09-19T02:10:17,3863,2026-09-18 14:19:51,42626,3281,7168,,13743,142,1.6
2026-09-19T02:15:18,3863,2026-09-18 14:19:51,42927,3281,7168,,13840,143,1.6
2026-09-19T02:20:18,3863,2026-09-18 14:19:51,43227,3233,7392,,13935,144,1.6
2026-09-19T02:25:18,3863,2026-09-18 14:19:51,43527,3233,7392,,14031,145,1.6
2026-09-19T02:30:18,3863,2026-09-18 14:19:51,43827,3233,7392,,14126,146,1.6
2026-09-19T02:35:18,3863,2026-09-18 14:19:51,44127,3233,7392,,14222,147,1.6
2026-09-19T02:40:18,3863,2026-09-18 14:19:51,44427,3233,7248,,14317,148,1.6
2026-09-19T02:45:18,3863,2026-09-18 14:19:51,44727,3233,7232,,14414,149,1.6
2026-09-19T02:50:18,3863,2026-09-18 14:19:51,45027,3233,7232,,14509,150,1.6
2026-09-19T02:55:19,3863,2026-09-18 14:19:51,45328,3233,7232,,14605,151,1.6
2026-09-19T03:00:19,3863,2026-09-18 14:19:51,45628,3233,7232,,14701,152,1.7
2026-09-19T03:05:19,3863,2026-09-18 14:19:51,45928,3233,7248,,14796,153,1.7
2026-09-19T03:10:19,3863,2026-09-18 14:19:51,46228,3233,7232,,14892,154,1.7
2026-09-19T03:15:19,3863,2026-09-18 14:19:51,46528,3233,7248,,14988,155,1.7
2026-09-19T03:20:19,3863,2026-09-18 14:19:51,46828,3233,7248,,15083,156,1.7
2026-09-19T03:25:19,3863,2026-09-18 14:19:51,47128,3233,7232,,15179,157,1.7
2026-09-19T03:30:19,3863,2026-09-18 14:19:51,47428,3233,7232,,15275,158,1.7
2026-09-19T03:35:20,3863,2026-09-18 14:19:51,47729,3233,7232,,15371,159,1.7
2026-09-19T03:40:20,3863,2026-09-18 14:19:51,48029,3233,7216,,15466,160,1.7
2026-09-19T03:45:20,3863,2026-09-18 14:19:51,48329,3233,7216,,15563,161,1.7
2026-09-19T03:50:20,3863,2026-09-18 14:19:51,48629,3233,7232,,15658,162,1.8
2026-09-19T03:55:20,3863,2026-09-18 14:19:51,48929,3233,7232,,15754,163,1.8
2026-09-19T04:00:20,3863,2026-09-18 14:19:51,49229,3233,7232,,15849,164,1.8
2026-09-19T04:05:20,3863,2026-09-18 14:19:51,49529,3233,7232,,15946,164,1.8
2026-09-19T04:10:20,3863,2026-09-18 14:19:51,49829,3233,7232,,16041,165,1.8
2026-09-19T04:15:21,3863,2026-09-18 14:19:51,50130,3233,7232,,16137,166,1.8
2026-09-19T04:20:21,3863,2026-09-18 14:19:51,50430,3233,7216,,16232,167,1.8
2026-09-19T04:25:21,3863,2026-09-18 14:19:51,50730,3233,7216,,16328,168,1.8
2026-09-19T04:30:21,3863,2026-09-18 14:19:51,51030,3233,7216,,16425,169,1.8
2026-09-19T04:35:21,3863,2026-09-18 14:19:51,51330,3233,7216,,16520,170,1.8
2026-09-19T04:40:21,3863,2026-09-18 14:19:51,51630,3233,7216,,16616,171,1.8
2026-09-19T04:45:21,3863,2026-09-18 14:19:51,51930,3233,7216,,16711,172,1.9
2026-09-19T04:50:21,3863,2026-09-18 14:19:51,52230,3233,7216,,16807,173,1.9
2026-09-19T04:55:22,3863,2026-09-18 14:19:51,52531,3233,7216,,16903,174,1.9
2026-09-19T05:00:22,3863,2026-09-18 14:19:51,52831,3233,7216,,16999,175,1.9
2026-09-19T05:05:22,3863,2026-09-18 14:19:51,53131,3233,7216,,17095,176,1.9
2026-09-19T05:10:22,3863,2026-09-18 14:19:51,53431,3233,7216,,17190,177,1.9
2026-09-19T05:15:22,3863,2026-09-18 14:19:51,53731,3233,7216,,17286,178,1.9
2026-09-19T05:20:22,3863,2026-09-18 14:19:51,54031,3233,7232,,17382,179,1.9
2026-09-19T05:25:22,3863,2026-09-18 14:19:51,54331,3233,7232,,17478,180,1.9
2026-09-19T05:30:22,3863,2026-09-18 14:19:51,54631,3233,7232,,17574,181,1.9
2026-09-19T05:35:22,3863,2026-09-18 14:19:51,54931,3233,7232,,17670,182,2.0
2026-09-19T05:40:23,3863,2026-09-18 14:19:51,55232,3233,7232,,17766,183,2.0
2026-09-19T05:45:23,3863,2026-09-18 14:19:51,55532,3233,7232,,17862,184,2.0
2026-09-19T05:50:23,3863,2026-09-18 14:19:51,55832,3233,7232,,17958,185,2.0
2026-09-19T05:55:23,3863,2026-09-18 14:19:51,56132,3233,7216,,18054,186,2.0
2026-09-19T06:00:23,3863,2026-09-18 14:19:51,56432,3233,7216,,18150,187,2.0
2026-09-19T06:05:23,3863,2026-09-18 14:19:51,56732,3233,7216,,18246,188,2.0
2026-09-19T06:10:23,3863,2026-09-18 14:19:51,57032,3233,7216,,18341,189,2.0
2026-09-19T06:15:23,3863,2026-09-18 14:19:51,57332,3233,7200,,18437,190,2.1
2026-09-19T06:20:24,3863,2026-09-18 14:19:51,57633,3233,7232,,18535,191,2.1
2026-09-19T06:25:24,3863,2026-09-18 14:19:51,57933,3233,7120,,18632,192,2.1
2026-09-19T06:30:24,3863,2026-09-18 14:19:51,58233,3233,7120,,18727,193,2.1
2026-09-19T06:35:24,3863,2026-09-18 14:19:51,58533,3233,7120,,18823,194,2.1
2026-09-19T06:40:24,3863,2026-09-18 14:19:51,58833,3233,7152,,18919,195,2.1
2026-09-19T06:45:24,3863,2026-09-18 14:19:51,59133,3233,7152,,19015,196,2.1
2026-09-19T06:50:24,3863,2026-09-18 14:19:51,59433,3233,7136,,19110,197,2.1
2026-09-19T06:55:25,3863,2026-09-18 14:19:51,59734,3233,7152,,19205,198,2.1
2026-09-19T07:00:25,3863,2026-09-18 14:19:51,60034,3233,7152,,19302,199,2.2
2026-09-19T07:05:25,3863,2026-09-18 14:19:51,60334,3233,7152,,19397,200,2.2
2026-09-19T07:10:25,3863,2026-09-18 14:19:51,60634,3233,7152,,19493,201,2.2
2026-09-19T07:15:25,3863,2026-09-18 14:19:51,60934,3233,7152,,19588,202,2.2
2026-09-19T07:20:25,3863,2026-09-18 14:19:51,61234,3233,7152,,19685,203,2.2
2026-09-19T07:25:25,3863,2026-09-18 14:19:51,61534,3233,7152,,19780,204,2.2
2026-09-19T07:30:25,3863,2026-09-18 14:19:51,61834,3233,7152,,19876,205,2.2
2026-09-19T07:35:26,3863,2026-09-18 14:19:51,62135,3233,7152,,19971,206,2.2
2026-09-19T07:40:26,3863,2026-09-18 14:19:51,62435,3249,7136,,20068,207,2.2
2026-09-19T07:45:26,3863,2026-09-18 14:19:51,62735,3249,7120,,20163,208,2.3
2026-09-19T07:50:26,3863,2026-09-18 14:19:51,63035,3249,7152,,20259,209,2.3
2026-09-19T07:55:26,3863,2026-09-18 14:19:51,63335,3249,7152,,20355,210,2.3
2026-09-19T08:00:26,3863,2026-09-18 14:19:51,63635,3249,7152,,20450,211,2.3
2026-09-19T08:05:26,3863,2026-09-18 14:19:51,63935,3249,7152,,20546,212,2.3
2026-09-19T08:10:27,3863,2026-09-18 14:19:51,64236,3249,7152,,20642,213,2.3
2026-09-19T08:15:27,3863,2026-09-18 14:19:51,64536,3249,7152,,20738,214,2.3
2026-09-19T08:20:27,3863,2026-09-18 14:19:51,64836,3249,7152,,20833,215,2.3
2026-09-19T08:25:27,3863,2026-09-18 14:19:51,65136,3249,7152,,20930,216,2.3
2026-09-19T08:30:27,3863,2026-09-18 14:19:51,65436,3249,7152,,21025,217,2.3
2026-09-19T08:35:27,3863,2026-09-18 14:19:51,65736,3249,7152,,21121,218,2.4
2026-09-19T08:40:27,3863,2026-09-18 14:19:51,66036,3249,7152,,21217,219,2.4
2026-09-19T08:45:27,3863,2026-09-18 14:19:51,66336,3249,7152,,21313,220,2.4
2026-09-19T08:50:27,3863,2026-09-18 14:19:51,66636,3249,7152,,21408,221,2.4
2026-09-19T08:55:28,3863,2026-09-18 14:19:51,66937,3249,7152,,21504,222,2.4
2026-09-19T09:00:28,3863,2026-09-18 14:19:51,67237,3249,7152,,21600,223,2.4
2026-09-19T09:05:28,3863,2026-09-18 14:19:51,67537,3249,7152,,21696,224,2.4
2026-09-19T09:10:28,3863,2026-09-18 14:19:51,67837,3249,7136,,21791,225,2.4
2026-09-19T09:15:28,3863,2026-09-18 14:19:51,68137,3249,7136,,21888,226,2.4
2026-09-19T09:20:28,3863,2026-09-18 14:19:51,68437,3249,7136,,21983,227,2.4
2026-09-19T09:25:28,3863,2026-09-18 14:19:51,68737,3249,7136,,22079,228,2.5
2026-09-19T09:30:28,3863,2026-09-18 14:19:51,69037,3249,7136,,22175,229,2.5
2026-09-19T09:35:29,3863,2026-09-18 14:19:51,69338,3249,7136,,22271,230,2.5
2026-09-19T09:40:29,3863,2026-09-18 14:19:51,69638,3249,7136,,22367,231,2.5
2026-09-19T09:45:29,3863,2026-09-18 14:19:51,69938,3249,7152,,22462,232,2.5
2026-09-19T09:50:29,3863,2026-09-18 14:19:51,70238,3249,7152,,22558,233,2.5
2026-09-19T09:55:29,3863,2026-09-18 14:19:51,70538,3249,7152,,22654,234,2.5
2026-09-19T10:00:29,3863,2026-09-18 14:19:51,70838,3249,7136,,22750,235,2.5
2026-09-19T10:05:29,3863,2026-09-18 14:19:51,71138,3249,7152,,22845,236,2.5
2026-09-19T10:10:29,3863,2026-09-18 14:19:51,71438,3249,7152,,22942,237,2.5
2026-09-19T10:15:30,3863,2026-09-18 14:19:51,71739,3249,7152,,23037,238,2.5
2026-09-19T10:20:30,3863,2026-09-18 14:19:51,72039,3249,7136,,23133,239,2.6
2026-09-19T10:25:30,3863,2026-09-18 14:19:51,72339,3249,7136,,23228,240,2.6
2026-09-19T10:30:30,3863,2026-09-18 14:19:51,72639,3249,7152,,23324,241,2.6
2026-09-19T10:35:30,3863,2026-09-18 14:19:51,72939,3249,7152,,23420,242,2.6
2026-09-19T10:40:30,3863,2026-09-18 14:19:51,73239,3249,7136,,23516,243,2.6
2026-09-19T10:45:30,3863,2026-09-18 14:19:51,73539,3249,7152,,23611,244,2.6
2026-09-19T10:50:30,3863,2026-09-18 14:19:51,73839,3249,7152,,23708,245,2.6
2026-09-19T10:55:31,3863,2026-09-18 14:19:51,74140,3249,7152,,23803,246,2.6
2026-09-19T11:00:31,3863,2026-09-18 14:19:51,74440,3249,7152,,23899,247,2.6
2026-09-19T11:05:31,3863,2026-09-18 14:19:51,74740,3249,7120,,23995,248,2.6
2026-09-19T11:10:31,3863,2026-09-18 14:19:51,75040,3249,7120,,24093,249,2.7
2026-09-19T11:15:31,3863,2026-09-18 14:19:51,75340,3249,7152,,24191,250,2.7
2026-09-19T11:20:31,3863,2026-09-18 14:19:51,75640,3249,7152,,24288,251,2.7
2026-09-19T11:25:31,3863,2026-09-18 14:19:51,75940,3249,7152,,24386,252,2.7
2026-09-19T11:30:31,3863,2026-09-18 14:19:51,76240,3249,7152,,24483,253,2.7
2026-09-19T11:35:31,3863,2026-09-18 14:19:51,76540,3249,7152,,24581,254,2.7
2026-09-19T11:40:31,3863,2026-09-18 14:19:51,76840,3249,7152,,24679,255,2.7
2026-09-19T11:45:32,3863,2026-09-18 14:19:51,77141,3249,7152,,24777,256,2.7
2026-09-19T11:50:32,3863,2026-09-18 14:19:51,77441,3249,7152,,24875,257,2.8
2026-09-19T11:55:32,3863,2026-09-18 14:19:51,77741,3249,7152,,24973,258,2.8
2026-09-19T12:00:32,3863,2026-09-18 14:19:51,78041,3249,7152,,25071,259,2.8
2026-09-19T12:05:32,3863,2026-09-18 14:19:51,78341,3249,7152,,25169,260,2.8
2026-09-19T12:10:32,3863,2026-09-18 14:19:51,78641,3249,7152,,25267,261,2.8
2026-09-19T12:15:32,3863,2026-09-18 14:19:51,78941,3249,7152,,25364,262,2.8
2026-09-19T12:20:32,3863,2026-09-18 14:19:51,79241,3249,7152,,25463,263,2.8
2026-09-19T12:25:32,3863,2026-09-18 14:19:51,79541,3249,7136,,25561,264,2.8
2026-09-19T12:30:32,3863,2026-09-18 14:19:51,79841,3249,7136,,25659,265,2.8
2026-09-19T12:35:33,3863,2026-09-18 14:19:51,80142,3249,7136,,25757,266,2.9
2026-09-19T12:40:33,3863,2026-09-18 14:19:51,80442,3249,7136,,25854,267,2.9
2026-09-19T12:45:33,3863,2026-09-18 14:19:51,80742,3249,7136,,25953,268,2.9
2026-09-19T12:50:33,3863,2026-09-18 14:19:51,81042,3249,7136,,26051,269,2.9
2026-09-19T12:55:33,3863,2026-09-18 14:19:51,81342,3249,7136,,26148,270,2.9
2026-09-19T13:00:33,3863,2026-09-18 14:19:51,81642,3249,7152,,26247,271,2.9
2026-09-19T13:05:33,3863,2026-09-18 14:19:51,81942,3249,7152,,26344,272,2.9
2026-09-19T13:10:33,3863,2026-09-18 14:19:51,82242,3249,7152,,26442,273,2.9
2026-09-19T13:15:33,3863,2026-09-18 14:19:51,82542,3249,7152,,26541,274,2.9
2026-09-19T13:20:33,3863,2026-09-18 14:19:51,82842,3249,7152,,26639,275,3.0
2026-09-19T13:25:34,3863,2026-09-18 14:19:51,83143,3249,7136,,26736,276,3.0
2026-09-19T13:30:34,3863,2026-09-18 14:19:51,83443,3249,7152,,26835,277,3.0
2026-09-19T13:35:34,3863,2026-09-18 14:19:51,83743,3249,7152,,26932,278,3.0
2026-09-19T13:40:34,3863,2026-09-18 14:19:51,84043,3249,7152,,27031,279,3.0
2026-09-19T13:45:34,3863,2026-09-18 14:19:51,84343,3249,7152,,27128,280,3.0
2026-09-19T13:50:34,3863,2026-09-18 14:19:51,84643,3249,7152,,27226,281,3.0
2026-09-19T13:55:34,3863,2026-09-18 14:19:51,84943,3249,7152,,27325,282,3.0
2026-09-19T14:00:34,3863,2026-09-18 14:19:51,85243,3249,7152,,27422,283,3.1
2026-09-19T14:05:34,3863,2026-09-18 14:19:51,85543,3249,7152,,27521,284,3.1
2026-09-19T14:10:35,3863,2026-09-18 14:19:51,85844,3249,7072,,27618,285,3.1
2026-09-19T14:15:35,3863,2026-09-18 14:19:51,86144,3249,7136,,27714,286,3.1
2026-09-19T14:20:35,3863,2026-09-18 14:19:51,86444,3249,7360,,27812,287,3.1
2026-09-19T14:25:35,3863,2026-09-18 14:19:51,86744,3249,7312,,27909,288,3.1
2026-09-19T14:30:35,3863,2026-09-18 14:19:51,87044,3249,7312,,28005,289,3.1
2026-09-19T14:35:35,3863,2026-09-18 14:19:51,87344,3249,7312,,28102,290,3.1
2026-09-19T14:40:35,3863,2026-09-18 14:19:51,87644,3249,7216,,28201,291,3.1
2026-09-19T14:45:35,3863,2026-09-18 14:19:51,87944,3249,7216,,28298,292,3.1
2026-09-19T14:50:35,3863,2026-09-18 14:19:51,88244,3249,7200,,28396,293,3.2
2026-09-19T14:55:36,3863,2026-09-18 14:19:51,88545,3249,7184,,28492,294,3.2
2026-09-19T15:00:36,3863,2026-09-18 14:19:51,88845,3249,7200,,28589,295,3.2
2026-09-19T15:05:36,3863,2026-09-18 14:19:51,89145,3249,7184,,28686,296,3.2
2026-09-19T15:10:36,3863,2026-09-18 14:19:51,89445,3249,7200,,28782,297,3.2
2026-09-19T15:15:36,3863,2026-09-18 14:19:51,89745,3249,7184,,28877,298,3.2
2026-09-19T15:20:36,3863,2026-09-18 14:19:51,90045,3249,7184,,28973,299,3.2
2026-09-19T15:25:36,3863,2026-09-18 14:19:51,90345,3249,7184,,29069,300,3.2
2026-09-19T15:30:36,3863,2026-09-18 14:19:51,90645,3249,7200,,29164,301,3.3
2026-09-19T15:35:36,3863,2026-09-18 14:19:51,90945,3249,7200,,29260,302,3.3
2026-09-19T15:40:37,3863,2026-09-18 14:19:51,91246,3249,7200,,29355,303,3.3
2026-09-19T15:45:37,3863,2026-09-18 14:19:51,91546,3249,7200,,29453,304,3.3
2026-09-19T15:50:37,3863,2026-09-18 14:19:51,91846,3249,7200,,29550,305,3.3
2026-09-19T15:55:37,3863,2026-09-18 14:19:51,92146,3249,7168,,29647,306,3.3
2026-09-19T16:00:37,3863,2026-09-18 14:19:51,92446,3249,7184,,29743,307,3.3
2026-09-19T16:05:37,3863,2026-09-18 14:19:51,92746,3249,7200,,29839,308,3.3
2026-09-19T16:10:37,3863,2026-09-18 14:19:51,93046,3249,7200,,29934,309,3.3
2026-09-19T16:15:37,3863,2026-09-18 14:19:51,93346,3249,7200,,30030,310,3.4
2026-09-19T16:20:38,3863,2026-09-18 14:19:51,93647,3249,7200,,30126,311,3.4
2026-09-19T16:25:38,3863,2026-09-18 14:19:51,93947,3249,7184,,30222,312,3.4
2026-09-19T16:30:38,3863,2026-09-18 14:19:51,94247,3249,7184,,30320,313,3.4
2026-09-19T16:35:38,3863,2026-09-18 14:19:51,94547,3249,7184,,30419,314,3.4
2026-09-19T16:40:38,3863,2026-09-18 14:19:51,94847,3249,7200,,30516,315,3.4
2026-09-19T16:45:38,3863,2026-09-18 14:19:51,95147,3249,7184,,30611,316,3.4
2026-09-19T16:50:38,3863,2026-09-18 14:19:51,95447,3249,7200,,30708,317,3.4
2026-09-19T16:55:38,3863,2026-09-18 14:19:51,95747,3249,7200,,30806,318,3.4
2026-09-19T17:00:38,3863,2026-09-18 14:19:51,96047,3249,7200,,30904,319,3.4
2026-09-19T17:05:38,3863,2026-09-18 14:19:51,96347,3249,7200,,31003,320,3.5
2026-09-19T17:10:39,3863,2026-09-18 14:19:51,96648,3249,7200,,31100,321,3.5
2026-09-19T17:15:39,3863,2026-09-18 14:19:51,96948,3249,7200,,31198,322,3.5
2026-09-19T17:20:39,3863,2026-09-18 14:19:51,97248,3249,7200,,31296,323,3.5
2026-09-19T17:25:39,3863,2026-09-18 14:19:51,97548,3249,7200,,31394,324,3.5
2026-09-19T17:30:39,3863,2026-09-18 14:19:51,97848,3249,7200,,31491,325,3.5
2026-09-19T17:35:39,3863,2026-09-18 14:19:51,98148,3249,7184,,31588,326,3.5
2026-09-19T17:40:39,3863,2026-09-18 14:19:51,98448,3249,7184,,31684,327,3.5
2026-09-19T17:45:39,3863,2026-09-18 14:19:51,98748,3249,7184,,31782,328,3.5
2026-09-19T17:50:39,3863,2026-09-18 14:19:51,99048,3249,7184,,31877,329,3.5
2026-09-19T17:55:40,3863,2026-09-18 14:19:51,99349,3249,7184,,31975,330,3.6
2026-09-19T18:00:40,3863,2026-09-18 14:19:51,99649,3249,7296,,32073,331,3.6
2026-09-19T18:05:40,3863,2026-09-18 14:19:51,99949,3249,7168,,32171,332,3.6
2026-09-19T18:10:40,3863,2026-09-18 14:19:51,100249,3249,7168,,32268,333,3.6
2026-09-19T18:15:40,3863,2026-09-18 14:19:51,100549,3249,7168,,32367,334,3.6
2026-09-19T18:20:40,3863,2026-09-18 14:19:51,100849,3249,7168,,32464,335,3.6
2026-09-19T18:25:40,3863,2026-09-18 14:19:51,101149,3249,7168,,32563,336,3.6
2026-09-19T18:30:40,3863,2026-09-18 14:19:51,101449,3249,7168,,32660,337,3.6
2026-09-19T18:35:40,3863,2026-09-18 14:19:51,101749,3249,7168,,32758,338,3.6
2026-09-19T18:40:41,3863,2026-09-18 14:19:51,102050,3249,7168,,32856,339,3.6
2026-09-19T18:45:41,3863,2026-09-18 14:19:51,102350,3249,7152,,32954,340,3.7
2026-09-19T18:50:41,3863,2026-09-18 14:19:51,102650,3249,7168,,33051,341,3.7
2026-09-19T18:55:41,3863,2026-09-18 14:19:51,102950,3249,7168,,33147,342,3.7
2026-09-19T19:00:41,3863,2026-09-18 14:19:51,103250,3249,7168,,33242,343,3.7
2026-09-19T19:05:41,3863,2026-09-18 14:19:51,103550,3249,7168,,33338,344,3.7
2026-09-19T19:10:41,3863,2026-09-18 14:19:51,103850,3249,7184,,33434,345,3.7
2026-09-19T19:15:41,3863,2026-09-18 14:19:51,104150,3249,7200,,33532,346,3.7
2026-09-19T19:20:41,3863,2026-09-18 14:19:51,104450,3249,7200,,33630,347,3.7
2026-09-19T19:25:42,3863,2026-09-18 14:19:51,104751,3249,7184,,33725,348,3.7
2026-09-19T19:30:42,3863,2026-09-18 14:19:51,105051,3249,7168,,33822,349,3.8
2026-09-19T19:35:42,3863,2026-09-18 14:19:51,105351,3249,7184,,33918,350,3.8
2026-09-19T19:40:42,3863,2026-09-18 14:19:51,105651,3249,7152,,34013,351,3.8
2026-09-19T19:45:42,3863,2026-09-18 14:19:51,105951,3249,7152,,34110,352,3.8
2026-09-19T19:50:42,3863,2026-09-18 14:19:51,106251,3249,7152,,34206,353,3.8
2026-09-19T19:55:42,3863,2026-09-18 14:19:51,106551,3249,7152,,34302,354,3.8
2026-09-19T20:00:42,3863,2026-09-18 14:19:51,106851,3249,7152,,34397,355,3.8
2026-09-19T20:05:43,3863,2026-09-18 14:19:51,107152,3249,7120,,34493,356,3.8
2026-09-19T20:10:43,3863,2026-09-18 14:19:51,107452,3249,7120,,34589,357,3.9
2026-09-19T20:15:43,3863,2026-09-18 14:19:51,107752,3249,7120,,34685,358,3.9
2026-09-19T20:20:43,3863,2026-09-18 14:19:51,108052,3249,7120,,34781,359,3.9
2026-09-19T20:25:43,3863,2026-09-18 14:19:51,108352,3249,7120,,34877,360,3.9
2026-09-19T20:30:43,3863,2026-09-18 14:19:51,108652,3249,7120,,34973,361,3.9
2026-09-19T20:35:43,3863,2026-09-18 14:19:51,108952,3249,7120,,35068,362,3.9
2026-09-19T20:40:43,3863,2026-09-18 14:19:51,109252,3249,7120,,35165,363,3.9
2026-09-19T20:45:43,3863,2026-09-18 14:19:51,109552,3249,7120,,35261,364,3.9
2026-09-19T20:50:43,3863,2026-09-18 14:19:51,109852,3249,7120,,35356,365,3.9
2026-09-19T20:55:44,3863,2026-09-18 14:19:51,110153,3249,7120,,35452,366,4.0
2026-09-19T21:00:44,3863,2026-09-18 14:19:51,110453,3249,7120,,35548,367,4.0
2026-09-19T21:05:44,3863,2026-09-18 14:19:51,110753,3249,7120,,35644,368,4.0
2026-09-19T21:10:44,3863,2026-09-18 14:19:51,111053,3249,7120,,35739,369,4.0
2026-09-19T21:15:44,3863,2026-09-18 14:19:51,111353,3249,7120,,35836,370,4.0
2026-09-19T21:20:44,3863,2026-09-18 14:19:51,111653,3249,7120,,35932,371,4.0
2026-09-19T21:25:44,3863,2026-09-18 14:19:51,111953,3249,7104,,36028,372,4.0
2026-09-19T21:30:44,3863,2026-09-18 14:19:51,112253,3249,7104,,36123,373,4.0
2026-09-19T21:35:44,3863,2026-09-18 14:19:51,112553,3249,7120,,36220,374,4.1
2026-09-19T21:40:45,3863,2026-09-18 14:19:51,112854,3249,7120,,36315,375,4.1
2026-09-19T21:45:45,3863,2026-09-18 14:19:51,113154,3249,7104,,36410,376,4.1
2026-09-19T21:50:45,3863,2026-09-18 14:19:51,113454,3249,7104,,36506,377,4.1
2026-09-19T21:55:45,3863,2026-09-18 14:19:51,113754,3249,7104,,36602,378,4.1
2026-09-19T22:00:45,3863,2026-09-18 14:19:51,114054,3249,7120,,36698,379,4.1
2026-09-19T22:05:45,3863,2026-09-18 14:19:51,114354,3249,7120,,36793,380,4.1
2026-09-19T22:10:45,3863,2026-09-18 14:19:51,114654,3249,7120,,36889,381,4.1
2026-09-19T22:15:45,3863,2026-09-18 14:19:51,114954,3249,7120,,36985,382,4.1
2026-09-19T22:20:45,3863,2026-09-18 14:19:51,115254,3249,7120,,37081,383,4.1
2026-09-19T22:25:46,3863,2026-09-18 14:19:51,115555,3249,7120,,37177,384,4.2
2026-09-19T22:30:46,3863,2026-09-18 14:19:51,115855,3249,7120,,37272,384,4.2
2026-09-19T22:35:46,3863,2026-09-18 14:19:51,116155,3249,7120,,37368,385,4.2
2026-09-19T22:40:46,3863,2026-09-18 14:19:51,116455,3249,7120,,37464,386,4.2
2026-09-19T22:45:46,3863,2026-09-18 14:19:51,116755,3249,7104,,37560,387,4.2
2026-09-19T22:50:46,3863,2026-09-18 14:19:51,117055,3249,7104,,37658,388,4.2
2026-09-19T22:55:46,3863,2026-09-18 14:19:51,117355,3249,7088,,37755,389,4.2
2026-09-19T23:00:46,3863,2026-09-18 14:19:51,117655,3249,7104,,37851,390,4.2
2026-09-19T23:05:46,3863,2026-09-18 14:19:51,117955,3249,7104,,37947,391,4.2
2026-09-19T23:10:47,3863,2026-09-18 14:19:51,118256,3249,7104,,38042,392,4.3
2026-09-19T23:15:47,3863,2026-09-18 14:19:51,118556,3249,7104,,38138,393,4.3
2026-09-19T23:20:47,3863,2026-09-18 14:19:51,118856,3249,7104,,38234,394,4.3
2026-09-19T23:25:47,3863,2026-09-18 14:19:51,119156,3249,7104,,38329,395,4.3
2026-09-19T23:30:47,3863,2026-09-18 14:19:51,119456,3249,7104,,38426,396,4.3
2026-09-19T23:35:47,3863,2026-09-18 14:19:51,119756,3249,7104,,38522,397,4.3
2026-09-19T23:40:47,3863,2026-09-18 14:19:51,120056,3249,7104,,38618,398,4.3
2026-09-19T23:45:47,3863,2026-09-18 14:19:51,120356,3249,7104,,38713,399,4.3
2026-09-19T23:50:47,3863,2026-09-18 14:19:51,120656,3249,7104,,38809,400,4.4
2026-09-19T23:55:47,3863,2026-09-18 14:19:51,120956,3249,7104,,38905,401,4.4
2026-09-20T00:00:48,3863,2026-09-18 14:19:51,121257,3249,7104,,39001,402,4.4
2026-09-20T00:05:48,3863,2026-09-18 14:19:51,121557,3249,7104,,39096,403,4.4
2026-09-20T00:10:48,3863,2026-09-18 14:19:51,121857,3249,7104,,39192,404,4.4
2026-09-20T00:15:48,3863,2026-09-18 14:19:51,122157,3249,7104,,39288,405,4.4
2026-09-20T00:20:48,3863,2026-09-18 14:19:51,122457,3249,7104,,39384,406,4.4
2026-09-20T00:25:48,3863,2026-09-18 14:19:51,122757,3249,7104,,39480,407,4.4
2026-09-20T00:30:48,3863,2026-09-18 14:19:51,123057,3249,7104,,39576,408,4.4
2026-09-20T00:35:48,3863,2026-09-18 14:19:51,123357,3249,7104,,39671,409,4.5
2026-09-20T00:40:49,3863,2026-09-18 14:19:51,123658,3249,7104,,39767,410,4.5
2026-09-20T00:45:49,3863,2026-09-18 14:19:51,123958,3249,7104,,39862,411,4.5
2026-09-20T00:50:49,3863,2026-09-18 14:19:51,124258,3249,7104,,39959,412,4.5
2026-09-20T00:55:49,3863,2026-09-18 14:19:51,124558,3249,7104,,40055,413,4.5
2026-09-20T01:00:49,3863,2026-09-18 14:19:51,124858,3249,7104,,40151,414,4.5
2026-09-20T01:05:49,3863,2026-09-18 14:19:51,125158,3249,7104,,40246,415,4.5
2026-09-20T01:10:49,3863,2026-09-18 14:19:51,125458,3249,7104,,40342,416,4.5
2026-09-20T01:15:49,3863,2026-09-18 14:19:51,125758,3249,7104,,40437,417,4.5
2026-09-20T01:20:49,3863,2026-09-18 14:19:51,126058,3249,7104,,40534,418,4.6
2026-09-20T01:25:49,3863,2026-09-18 14:19:51,126358,3249,7104,,40630,419,4.6
2026-09-20T01:30:50,3863,2026-09-18 14:19:51,126659,3249,7104,,40726,420,4.6
2026-09-20T01:35:50,3863,2026-09-18 14:19:51,126959,3249,7104,,40821,421,4.6
2026-09-20T01:40:50,3863,2026-09-18 14:19:51,127259,3249,7104,,40917,422,4.6
2026-09-20T01:45:50,3863,2026-09-18 14:19:51,127559,3249,7104,,41013,423,4.6
2026-09-20T01:50:50,3863,2026-09-18 14:19:51,127859,3249,7104,,41110,424,4.6
2026-09-20T01:55:50,3863,2026-09-18 14:19:51,128159,3249,7104,,41205,425,4.6
2026-09-20T02:00:50,3863,2026-09-18 14:19:51,128459,3249,7104,,41301,426,4.6
2026-09-20T02:05:50,3863,2026-09-18 14:19:51,128759,3249,7104,,41397,427,4.7
2026-09-20T02:10:50,3863,2026-09-18 14:19:51,129059,3249,7104,,41493,428,4.7
2026-09-20T02:15:50,3863,2026-09-18 14:19:51,129359,3249,7104,,41589,429,4.7
2026-09-20T02:20:51,3863,2026-09-18 14:19:51,129660,3249,7312,,41684,430,4.7
2026-09-20T02:25:51,3863,2026-09-18 14:19:51,129960,3249,7312,,41780,431,4.7
2026-09-20T02:30:51,3863,2026-09-18 14:19:51,130260,3249,7312,,41876,432,4.7
2026-09-20T02:35:51,3863,2026-09-18 14:19:51,130560,3249,7312,,41973,433,4.7
2026-09-20T02:40:51,3863,2026-09-18 14:19:51,130860,3249,7248,,42068,434,4.7
2026-09-20T02:45:51,3863,2026-09-18 14:19:51,131160,3249,7216,,42164,435,4.8
2026-09-20T02:50:51,3863,2026-09-18 14:19:51,131460,3249,7216,,42259,436,4.8
2026-09-20T02:55:51,3863,2026-09-18 14:19:51,131760,3249,7216,,42356,437,4.8
2026-09-20T03:00:51,3863,2026-09-18 14:19:51,132060,3249,7232,,42452,438,4.8
2026-09-20T03:05:52,3863,2026-09-18 14:19:51,132361,3249,7232,,42547,439,4.8
2026-09-20T03:10:52,3863,2026-09-18 14:19:51,132661,3249,7232,,42644,440,4.8
2026-09-20T03:15:52,3863,2026-09-18 14:19:51,132961,3249,7232,,42740,441,4.8
2026-09-20T03:20:52,3863,2026-09-18 14:19:51,133261,3249,7248,,42835,442,4.8
2026-09-20T03:25:52,3863,2026-09-18 14:19:51,133561,3249,7248,,42931,443,4.9
2026-09-20T03:30:52,3863,2026-09-18 14:19:51,133861,3249,7248,,43026,444,4.9
2026-09-20T03:35:52,3863,2026-09-18 14:19:51,134161,3249,7248,,43123,445,4.9
2026-09-20T03:40:52,3863,2026-09-18 14:19:51,134461,3249,7248,,43219,446,4.9
2026-09-20T03:45:53,3863,2026-09-18 14:19:51,134762,3249,7248,,43314,447,4.9
2026-09-20T03:50:53,3863,2026-09-18 14:19:51,135062,3249,7248,,43410,448,4.9
2026-09-20T03:55:53,3863,2026-09-18 14:19:51,135362,3249,7184,,43506,449,4.9
2026-09-20T04:00:53,3863,2026-09-18 14:19:51,135662,3249,7184,,43601,450,4.9
2026-09-20T04:05:53,3863,2026-09-18 14:19:51,135962,3249,7184,,43697,451,4.9
2026-09-20T04:10:53,3863,2026-09-18 14:19:51,136262,3249,7184,,43793,452,5.0
2026-09-20T04:15:53,3863,2026-09-18 14:19:51,136562,3249,7184,,43889,453,5.0
2026-09-20T04:20:53,3863,2026-09-18 14:19:51,136862,3249,7184,,43984,454,5.0
2026-09-20T04:25:53,3863,2026-09-18 14:19:51,137162,3249,7184,,44080,455,5.0
2026-09-20T04:30:54,3863,2026-09-18 14:19:51,137463,3249,7184,,44176,456,5.0
2026-09-20T04:35:54,3863,2026-09-18 14:19:51,137763,3249,7184,,44272,457,5.0
2026-09-20T04:40:54,3863,2026-09-18 14:19:51,138063,3249,7168,,44368,458,5.0
2026-09-20T04:45:54,3863,2026-09-18 14:19:51,138363,3249,7168,,44463,459,5.0
2026-09-20T04:50:54,3863,2026-09-18 14:19:51,138663,3249,7168,,44559,460,5.0
2026-09-20T04:55:54,3863,2026-09-18 14:19:51,138963,3249,7168,,44656,461,5.1
2026-09-20T05:00:54,3863,2026-09-18 14:19:51,139263,3249,7168,,44751,462,5.1
2026-09-20T05:05:54,3863,2026-09-18 14:19:51,139563,3249,7168,,44847,463,5.1
2026-09-20T05:10:55,3863,2026-09-18 14:19:51,139864,3249,7168,,44942,464,5.1
2026-09-20T05:15:55,3863,2026-09-18 14:19:51,140164,3249,7168,,45038,465,5.1
2026-09-20T05:20:55,3863,2026-09-18 14:19:51,140464,3249,7168,,45134,466,5.1
2026-09-20T05:25:55,3863,2026-09-18 14:19:51,140764,3249,7168,,45230,467,5.1
2026-09-20T05:30:55,3863,2026-09-18 14:19:51,141064,3249,7168,,45326,468,5.2
2026-09-20T05:35:55,3863,2026-09-18 14:19:51,141364,3249,7168,,45421,469,5.2
2026-09-20T05:40:55,3863,2026-09-18 14:19:51,141664,3249,7168,,45517,470,5.2
2026-09-20T05:45:55,3863,2026-09-18 14:19:51,141964,3249,7168,,45614,471,5.2
2026-09-20T05:50:55,3863,2026-09-18 14:19:51,142264,3249,7168,,45709,472,5.2
2026-09-20T05:55:56,3863,2026-09-18 14:19:51,142565,3249,7168,,45805,473,5.2
2026-09-20T06:00:56,3863,2026-09-18 14:19:51,142865,3249,7168,,45901,474,5.2
2026-09-20T06:05:56,3863,2026-09-18 14:19:51,143165,3249,7168,,45996,475,5.2
2026-09-20T06:10:56,3863,2026-09-18 14:19:51,143465,3249,7168,,46093,476,5.3
2026-09-20T06:15:56,3863,2026-09-18 14:19:51,143765,3249,7168,,46188,477,5.3
2026-09-20T06:20:56,3863,2026-09-18 14:19:51,144065,3249,7168,,46284,478,5.3
2026-09-20T06:25:56,3863,2026-09-18 14:19:51,144365,3249,7168,,46380,479,5.3
2026-09-20T06:30:56,3863,2026-09-18 14:19:51,144665,3249,7168,,46476,480,5.3
2026-09-20T06:35:56,3863,2026-09-18 14:19:51,144965,3249,7168,,46572,481,5.3
2026-09-20T06:40:57,3863,2026-09-18 14:19:51,145266,3249,7168,,46668,482,5.3
2026-09-20T06:45:57,3863,2026-09-18 14:19:51,145566,3249,7168,,46764,483,5.3
2026-09-20T06:50:57,3863,2026-09-18 14:19:51,145866,3249,7168,,46859,484,5.3
2026-09-20T06:55:57,3863,2026-09-18 14:19:51,146166,3249,7168,,46955,485,5.4
2026-09-20T07:00:57,3863,2026-09-18 14:19:51,146466,3249,7168,,47051,486,5.4
2026-09-20T07:05:57,3863,2026-09-18 14:19:51,146766,3249,7168,,47147,487,5.4
2026-09-20T07:10:57,3863,2026-09-18 14:19:51,147066,3249,7168,,47243,488,5.4
2026-09-20T07:15:57,3863,2026-09-18 14:19:51,147366,3249,7168,,47339,489,5.4
2026-09-20T07:20:57,3863,2026-09-18 14:19:51,147666,3249,7168,,47435,490,5.4
2026-09-20T07:25:57,3863,2026-09-18 14:19:51,147966,3249,7168,,47531,491,5.4
2026-09-20T07:30:58,3863,2026-09-18 14:19:51,148267,3249,7168,,47626,492,5.4
2026-09-20T07:35:58,3863,2026-09-18 14:19:51,148567,3249,7168,,47722,493,5.5
2026-09-20T07:40:58,3863,2026-09-18 14:19:51,148867,3249,7168,,47818,494,5.5
2026-09-20T07:45:58,3863,2026-09-18 14:19:51,149167,3249,7168,,47915,495,5.5
2026-09-20T07:50:58,3863,2026-09-18 14:19:51,149467,3249,7168,,48011,496,5.5
2026-09-20T07:55:58,3863,2026-09-18 14:19:51,149767,3249,7168,,48106,497,5.5
2026-09-20T08:00:58,3863,2026-09-18 14:19:51,150067,3249,7168,,48202,498,5.5
2026-09-20T08:05:58,3863,2026-09-18 14:19:51,150367,3249,7168,,48299,499,5.5
2026-09-20T08:10:58,3863,2026-09-18 14:19:51,150667,3249,7088,,48395,500,5.5
2026-09-20T08:15:59,3863,2026-09-18 14:19:51,150968,3249,7088,,48490,501,5.6
2026-09-20T08:20:59,3863,2026-09-18 14:19:51,151268,3249,7088,,48587,502,5.6
2026-09-20T08:25:59,3863,2026-09-18 14:19:51,151568,3249,7072,,48682,503,5.6
2026-09-20T08:30:59,3863,2026-09-18 14:19:51,151868,3249,7072,,48778,504,5.6
2026-09-20T08:35:59,3863,2026-09-18 14:19:51,152168,3249,7072,,48874,505,5.6
2026-09-20T08:40:59,3863,2026-09-18 14:19:51,152468,3249,7072,,48970,506,5.6
2026-09-20T08:45:59,3863,2026-09-18 14:19:51,152768,3249,7072,,49066,507,5.6
2026-09-20T08:50:59,3863,2026-09-18 14:19:51,153068,3249,7072,,49162,508,5.6
2026-09-20T08:55:59,3863,2026-09-18 14:19:51,153368,3249,7072,,49260,509,5.6
2026-09-20T09:01:00,3863,2026-09-18 14:19:51,153669,3249,7072,,49357,510,5.7
2026-09-20T09:06:00,3863,2026-09-18 14:19:51,153969,3249,7072,,49455,511,5.7
2026-09-20T09:11:00,3863,2026-09-18 14:19:51,154269,3249,7072,,49552,512,5.7
2026-09-20T09:16:00,3863,2026-09-18 14:19:51,154569,3249,7072,,49648,513,5.7
2026-09-20T09:21:00,3863,2026-09-18 14:19:51,154869,3249,7072,,49744,514,5.7
2026-09-20T09:26:00,3863,2026-09-18 14:19:51,155169,3249,7072,,49839,515,5.7
2026-09-20T09:31:00,3863,2026-09-18 14:19:51,155469,3249,7088,,49934,516,5.7
2026-09-20T09:36:00,3863,2026-09-18 14:19:51,155769,3249,7088,,50030,517,5.7
2026-09-20T09:41:00,3863,2026-09-18 14:19:51,156069,3249,7088,,50126,518,5.7
2026-09-20T09:46:01,3863,2026-09-18 14:19:51,156370,3249,7072,,50222,519,5.8
2026-09-20T09:51:01,3863,2026-09-18 14:19:51,156670,3249,7072,,50319,520,5.8
2026-09-20T09:56:01,3863,2026-09-18 14:19:51,156970,3249,7072,,50417,521,5.8
2026-09-20T10:01:01,3863,2026-09-18 14:19:51,157270,3249,7072,,50512,522,5.8
2026-09-20T10:06:01,3863,2026-09-18 14:19:51,157570,3249,7072,,50607,523,5.8
2026-09-20T10:11:01,3863,2026-09-18 14:19:51,157870,3249,7072,,50704,524,5.8
2026-09-20T10:16:01,3863,2026-09-18 14:19:51,158170,3249,7072,,50799,525,5.8
2026-09-20T10:21:01,3863,2026-09-18 14:19:51,158470,3249,7072,,50894,525,5.8
2026-09-20T10:26:01,3863,2026-09-18 14:19:51,158770,3249,7072,,50990,526,5.8
2026-09-20T10:31:02,3863,2026-09-18 14:19:51,159071,3249,7072,,51086,527,5.9
2026-09-20T10:36:02,3863,2026-09-18 14:19:51,159371,3249,7072,,51182,528,5.9
2026-09-20T10:41:02,3863,2026-09-18 14:19:51,159671,3249,7056,,51279,529,5.9
2026-09-20T10:46:02,3863,2026-09-18 14:19:51,159971,3249,7072,,51376,530,5.9
2026-09-20T10:51:02,3863,2026-09-18 14:19:51,160271,3249,7072,,51475,531,5.9
2026-09-20T10:56:02,3863,2026-09-18 14:19:51,160571,3249,7088,,51572,532,5.9
2026-09-20T11:01:02,3863,2026-09-18 14:19:51,160871,3249,7072,,51670,533,5.9
2026-09-20T11:06:02,3863,2026-09-18 14:19:51,161171,3249,7072,,51768,534,5.9
2026-09-20T11:11:02,3863,2026-09-18 14:19:51,161471,3249,7072,,51866,535,6.0
2026-09-20T11:16:02,3863,2026-09-18 14:19:51,161771,3249,7088,,51963,536,6.0
2026-09-20T11:21:03,3863,2026-09-18 14:19:51,162072,3249,7072,,52058,537,6.0
2026-09-20T11:26:03,3863,2026-09-18 14:19:51,162372,3249,7072,,52153,538,6.0
2026-09-20T11:31:03,3863,2026-09-18 14:19:51,162672,3249,7088,,52251,539,6.0
2026-09-20T11:36:03,3863,2026-09-18 14:19:51,162972,3249,7072,,52347,540,6.0
2026-09-20T11:41:03,3863,2026-09-18 14:19:51,163272,3249,7056,,52443,541,6.0
2026-09-20T11:46:03,3863,2026-09-18 14:19:51,163572,3249,7056,,52538,542,6.0
2026-09-20T11:51:03,3863,2026-09-18 14:19:51,163872,3249,7072,,52634,543,6.0
2026-09-20T11:56:03,3863,2026-09-18 14:19:51,164172,3249,7072,,52730,544,6.0
2026-09-20T12:01:03,3863,2026-09-18 14:19:51,164472,3249,7072,,52825,545,6.1
2026-09-20T12:06:04,3863,2026-09-18 14:19:51,164773,3249,6960,,52921,546,6.1
2026-09-20T12:11:04,3863,2026-09-18 14:19:51,165073,3249,6976,,53017,547,6.1
2026-09-20T12:16:04,3863,2026-09-18 14:19:51,165373,3249,6976,,53113,548,6.1
2026-09-20T12:21:04,3863,2026-09-18 14:19:51,165673,3249,6992,,53208,549,6.1
2026-09-20T12:26:04,3863,2026-09-18 14:19:51,165973,3249,6992,,53304,550,6.1
2026-09-20T12:31:04,3863,2026-09-18 14:19:51,166273,3249,6960,,53399,551,6.1
2026-09-20T12:36:04,3863,2026-09-18 14:19:51,166573,3249,6960,,53496,552,6.1
2026-09-20T12:41:04,3863,2026-09-18 14:19:51,166873,3249,6960,,53591,553,6.1
2026-09-20T12:46:04,3863,2026-09-18 14:19:51,167173,3249,6896,,53687,554,6.2
2026-09-20T12:51:05,3863,2026-09-18 14:19:51,167474,3249,6976,,53783,555,6.2
2026-09-20T12:56:05,3863,2026-09-18 14:19:51,167774,3249,6976,,53878,556,6.2
2026-09-20T13:01:05,3863,2026-09-18 14:19:51,168074,3249,6976,,53974,557,6.2
2026-09-20T13:06:05,3863,2026-09-18 14:19:51,168374,3249,6976,,54070,558,6.2
2026-09-20T13:11:05,3863,2026-09-18 14:19:51,168674,3249,6976,,54165,559,6.2
2026-09-20T13:16:05,3863,2026-09-18 14:19:51,168974,3249,6976,,54261,560,6.2
2026-09-20T13:21:05,3863,2026-09-18 14:19:51,169274,3249,6976,,54357,561,6.2
2026-09-20T13:26:05,3863,2026-09-18 14:19:51,169574,3249,6976,,54453,562,6.2
2026-09-20T13:31:05,3863,2026-09-18 14:19:51,169874,3249,6976,,54548,563,6.2
2026-09-20T13:36:06,3863,2026-09-18 14:19:51,170175,3249,6976,,54644,564,6.2
2026-09-20T13:41:06,3863,2026-09-18 14:19:51,170475,3249,6976,,54740,565,6.3
2026-09-20T13:46:06,3863,2026-09-18 14:19:51,170775,3249,6976,,54836,566,6.3
2026-09-20T13:51:06,3863,2026-09-18 14:19:51,171075,3249,6976,,54931,567,6.3
2026-09-20T13:56:06,3863,2026-09-18 14:19:51,171375,3249,6976,,55027,568,6.3
2026-09-20T14:01:06,3863,2026-09-18 14:19:51,171675,3249,6976,,55123,569,6.3
2026-09-20T14:06:06,3863,2026-09-18 14:19:51,171975,3249,6976,,55219,570,6.3
2026-09-20T14:11:06,3863,2026-09-18 14:19:51,172275,3249,6928,,55316,571,6.3
2026-09-20T14:16:07,3863,2026-09-18 14:19:51,172576,3249,6944,,55414,572,6.3
